Ragione sociale;Tipo organizzazione;Indirizzo;Comune;Telefono;Email;Referente Email
COMET SPA;AZIENDA;VIA TRENTINO,1;SONA;521296711;nicolacavina@gruppocomet.it;
MARCHIOL SPA;AZIENDA;VIALE DELLA REPUBBLICA 41;VILLORBA;458569712;ufficio.personale@marchiol.com;
DATA CHECK;AZIENDA;VIA MONTI BERICI,6;SAN GIOVANNI LUPATOTO;458003079;info@datacheck.it;
FINE TUNING CONSULENZA INTEGRATA S.R.L.;AZIENDA;VIA CA' DI COZZI, 14;VERONA;458877221;info@finetuning.it;
FINE TUNING CONSULENZA INTEGRATA S.R.L.;AZIENDA;VIA CA' DI COZZI, 14;VERONA;458877221;info@finetuning.it;
FIORINI E ADAMI S.R.L.;AZIENDA;V.LE ARCHIMEDE, 17;SANTA MARIA DI ZEVIO;458731573;amministrazione@fioriniadami.it;
HIT INTERNET TECNOLOGIES SRL;AZIENDA;VIA PACE, 5;AFFI;456209711;giacomo.migliori@hit.it;
HIT INTERNET TECNOLOGIES SRL;AZIENDA;VIA PACE, 5;AFFI;456209711;giacomo.migliori@hit.it;
RTC SPA;AZIENDA;VIA EDISON, 31 LOC.CAMPAGNOLA;VERONA;458738711;luca.mingon@rtc-spa.it;
RTC SPA;AZIENDA;VIA EDISON, 31 LOC.CAMPAGNOLA;VERONA;458738711;luca.mingon@rtc-spa.it;
RTC SPA;AZIENDA;VIA EDISON, 31 LOC.CAMPAGNOLA;VERONA;458738711;luca.mingon@rtc-spa.it;
S.I.A. S.R.L.;AZIENDA;VIA VERDI, 26F;CASTEL D'AZZANO;45512900;giovanna.molinari@siavr.it;
TECNORULLI S.R.L.;AZIENDA;VIA MONTE COMUN;SAN GIOVANNI LUPATOTO;458750300;oliver.beiso@tecnorulli.com ;
SIPRO S.R.L.;AZIENDA;VIALE DELL'INDUSTRIA, 7;VERONA;45508822;ivo.tommasini@sipro.vr.it;
SIPRO S.R.L.;AZIENDA;VIALE DELL'INDUSTRIA, 7;VERONA;45508822;ivo.tommasini@sipro.vr.it;
SIPRO S.R.L.;AZIENDA;VIALE DELL'INDUSTRIA, 7;VERONA;45508822;ivo.tommasini@sipro.vr.it;
EFFEDI S.A.S.;AZIENDA;VIA SALISBURGO, 10/A;VERONA;458521430;dino.bellini@effedi.com;
ELETTROMECCANICA VENETA S.R.L.;AZIENDA;VIA CASA CUCHI, 7;NEGRAR;456020136;ev@elettromeccanicaveneta.it;
AUDIO VIDEO VERONA;AZIENDA;C.SO MILANO, 112;VERONA;45575599;info@audiovideoverona.191.it;
GUIDO BIANCHI & C. SRL;AZIENDA;CIRC.NE MARONCELLI, 7/D;VERONA;45590011;info@guidobianchi.it;
COMPUTERS CENTER S.N.C.;AZIENDA;VIA QUADRATO, 92;VILLAFRANCA DI VERONA;456300589;nicola@computerscenter.com;
SHARE DISTRIBUZIONE S.R.L.;AZIENDA;VIA C. BATTISTI, 242;SAN GIOVANNI LUPATOTO;458751535;info@shared.it;
IDRAULICA FIORINI SRL;AZIENDA;V.LE ARCHIMEDE , 11;S. MARIA DI ZEVIO;;;
EB NEURO S.P.A.;AZIENDA;VIA P. FANFANI, 97/A;FIRENZE;456028111;info@ehneuro.com;
EB NEURO S.P.A.;AZIENDA;VIA P. FANFANI, 97/A;FIRENZE;456028111;info@ehneuro.com;
MOS80 S.R.L.;AZIENDA;VIA MERCURIO, 5;VERONA;45543232;f.coppola@mos80.it;
BRUTTI LORENZO S.R.L.;AZIENDA;VIA DELLA MECCANICA, 26;VERONA;458181211;bruttilorenzo@bruttilorenzo.it;
STORTI S.P.A.;AZIENDA;VIA CASTELLETTO, 10;BELFIORE;456134311;r.storti@storti.com;
OFFICE AUTOMATION S.R.L.;AZIENDA;VIALE DEL COMMERCIO, 10/C;VERONA;458002529;francesca.grego@officeautomation.it;
OFFICE AUTOMATION S.R.L.;AZIENDA;VIALE DEL COMMERCIO, 10/C;VERONA;458002529;francesca.grego@officeautomation.it;
INTESYS  S.R.L.;AZIENDA;VIA ROVEGGIA, 3;VERONA;458205513;alessandro.cortiana@intesys.it;
INTESYS  S.R.L.;AZIENDA;VIA ROVEGGIA, 3;VERONA;458205513;alessandro.cortiana@intesys.it;
AEMMETEL S.R.L.;AZIENDA;VIA XXVIII GENNAIO, 27;VERONA;45500399;amministrazione@pec.aemmetel.com;
B! SPA;AZIENDA;VIA ROVEGGIA 83;VERONA;458288111;ottavio.gandini@bspa.it;
B! SPA;AZIENDA;VIA ROVEGGIA 83;VERONA;458288111;ottavio.gandini@bspa.it;
LEADERFORM SPA;AZIENDA;VIA MOLINA, 14;SONA;456080822;;
ELETTRORICE;AZIENDA;VIA N. COPERNICO, 46/48;GREZZANA;45907127;elettrorice@elettrorice.com;
COMUNE DI BADIA CALAVENA;ENTE PUBBLICO;P.ZZA MERCATO, 1;BADIA CALAVENA;045/7810503;protocollo@comune.badiacalavena.vr.it;
BREMBENET;AZIENDA;VIA MONTE PEGNI, 1;ISOLA DELLA SCALA;456630780;info@brembenet.it;
CTM ALTROMERCATO;AZIENDA;VIA FRANCIA 1/C;VERONA;458731875;;
MEDIA &TECH S.R.L.;AZIENDA;VIA GAROFOLI, 317/A;SAN GIOVANNI LUPATOTO;458776581;info@mediatechweb.com;
ATTUA S.R.L.;AZIENDA;VIA ROVEGGIA, 43;VERONA;045/8271211;info@attua.it;
ATTUA S.R.L.;AZIENDA;VIA ROVEGGIA, 43;VERONA;045/8271211;info@attua.it;
DALLA PIAZZA S.R.L.;AZIENDA;VIA MINCIO ,2;SONA;45984722;dalla.piazza@tin.it;
C.P. SRL DI CUBI L. E PERINA G.;AZIENDA;VIA A. VOLTA;VILLAFRANCA DI VERONA - DOSSOBUONO;458600065;info@cubiperina.it;
MECATECK GROUP SRL;AZIENDA;VIA MADONNA PELLEGRINA, 30;VERONA;457613473;mecateck@mecatek.com;
SCHIANCHI CESARE- ELETTRODOMESTICI RADIO;AZIENDA;VIA BUCA, 36;NEVIANO DEGLI ARDUINI;521843108;;
OROTIG SRL;AZIENDA;VIA XXV APRILE 47;CASTELNUOVO DEL GARDA;456400865;info@orotig.com;
A.R. ELETTRONIC SAS DI RENON A. & C;AZIENDA;VIA DELL'INDUSTRIA,212;BUSSOLENGO;456703881;a.anna@arelettronic.com;
S.E.D.I.T. S.R.L;AZIENDA;VIALE DEL LAVORO 50;S.MARTINO B.A.;458799166;matteo.caria1@gmail.com;
NPN ELETTRONICA DI MOLINAROLO GIANLUCA;AZIENDA;VIA FIUME, 58F;VERONA;456103892;npnelettronica@ega.it;
GLAXOSMITHKLINE SPA;AZIENDA;VIA A. FLEMING, 2;VERONA;045/9218687;sofia.x.barbazzeni@gsk.com;
GLAXOSMITHKLINE SPA;AZIENDA;VIA A. FLEMING, 2;VERONA;045/9218687;sofia.x.barbazzeni@gsk.com;
GLAXOSMITHKLINE SPA;AZIENDA;VIA A. FLEMING, 2;VERONA;045/9218687;sofia.x.barbazzeni@gsk.com;
GLAXOSMITHKLINE SPA;AZIENDA;VIA A. FLEMING, 2;VERONA;045/9218687;sofia.x.barbazzeni@gsk.com;
GLAXOSMITHKLINE SPA;AZIENDA;VIA A. FLEMING, 2;VERONA;045/9218687;sofia.x.barbazzeni@gsk.com;
AQUEST SRL;AZIENDA;PIAZZA ZINELLI 1;S.GIOVANNI LUPATOTO;458752845;sara.pasquetto@aquest.it;
BDF TRANS SRL;AZIENDA;VIA SOMMACAMPAGNA 26;VERONA;458082622;bdf@bdftrans.it;
RIAM ASCENSORI SRL;AZIENDA;VIA DELLA SCIENZA 23;VERONA;458517211;sara.verona@riam.it;
SAELETTRICA SRL;AZIENDA;VIA PAPINI 2;CASTELNUOVO DEL GARDA;456450856;info@saelettrica.com;
Q-TEK SRL;AZIENDA;CORSO PORTA NUOVA, 20;VERONA;454732083;produzione@q-tek.it;
ARCA SPA;AZIENDA;VIA DELL'ARTIGIANATO 6B;VERONA;458201755;magazzino@arcaricambi.it;
AFTECH SAS DI FERRARI ALBERTO;AZIENDA;VIA ANTONIO DA LEGNAGO;VERONA;458840972;aftech@aftech.it;
AFTECH SAS DI FERRARI ALBERTO;AZIENDA;VIA ANTONIO DA LEGNAGO;VERONA;458840972;aftech@aftech.it;
CREATIVE ADV SNC;AZIENDA;VIA PASCOLI 4;VERONA;456260736;alessandro@creativeadv.eu;
PLUMAKE SRL;AZIENDA;VIALE DEL LAVORO 2;GREZZANA;3287142111;info@plumake.it;
GALIMBERTI SPA;AZIENDA;VIA VERONA 22;VERONA;456704320;sergio.deiana@galimberti.net;
GALIMBERTI SPA;AZIENDA;VIA VERONA 22;VERONA;456704320;sergio.deiana@galimberti.net;
GALIMBERTI SPA;AZIENDA;VIA VERONA 22;VERONA;456704320;sergio.deiana@galimberti.net;
SEMENZIN  AUTOTRASPORTI SRL;AZIENDA;VIA XXI NOVEMBRE, 188;DOLCE';456861593;info@semenzintrasporti.com;
COMPUTER OMNIA DI SANTAGIULIANA FABIO;AZIENDA;PIAZZA GARIBALDI, 59;LONIGO;444437746;info@computeromnia.it;
INPS - SEDE PROVINCIALE;AZIENDA;VIA CESARE BATTISTI, 19;VERONA;45938111;mario.cracco@inps.it;
3102 SRL;AZIENDA;VIA ISONZO,11;VERONA;3496616186;marcello.fiori@3102.it;
STI  SPA;AZIENDA;VIA LABRIOLA, 22;NOGARA;442537135;ufficiodelpersonale@stispa.it;
STI  SPA;AZIENDA;VIA LABRIOLA, 22;NOGARA;442537135;ufficiodelpersonale@stispa.it;
STI  SPA;AZIENDA;VIA LABRIOLA, 22;NOGARA;442537135;ufficiodelpersonale@stispa.it;
STI  SPA;AZIENDA;VIA LABRIOLA, 22;NOGARA;442537135;ufficiodelpersonale@stispa.it;
STI  SPA;AZIENDA;VIA LABRIOLA, 22;NOGARA;442537135;ufficiodelpersonale@stispa.it;
STI  SPA;AZIENDA;VIA LABRIOLA, 22;NOGARA;442537135;ufficiodelpersonale@stispa.it;
STI  SPA;AZIENDA;VIA LABRIOLA, 22;NOGARA;442537135;ufficiodelpersonale@stispa.it;
AUTOTRASPORTI DETO.VE SRL;AZIENDA;VIA MARCONI7/A;BUTTAPIETRA;4518779038;info@detoveautotrasporti.it;
MICROTEK SERVICE DI BRUNO GRECO;AZIENDA;GOLOSINE 151 A;VERONA;3470991941;bruno@mposta.it;
POSITIVE S.R.L.;AZIENDA;VIA CA'  NOVA ZAMPIERI 4/E;SAN GIOVANNI LUPATOTO;458751599;mauro@positive.it;
TECNODUE S.N.C.;AZIENDA;VIA MAIELLA, 30;VERONA;45970072;tecnoduevr@tecnoduevr.it;
SIVA S.A.S.;AZIENDA;VIA A. VOLTA, 9;GREZZANA;45908090;info@siva2000.it;
TECNICA INFORMATICA DI DORELLA PAOLO;AZIENDA;VIA QUADRATO,44;VILLAFRANCA DI VERONA;455116984;info@dorella.com;
TECNICA INFORMATICA DI DORELLA PAOLO;AZIENDA;VIA QUADRATO,44;VILLAFRANCA DI VERONA;455116984;info@dorella.com;
ANODALL EXTRUSION S.P.A.;AZIENDA;VIA DEL LAVORO, 1;TREVENZUOLO;457350600;claudio.dalfini@anodallgroup.com;
GARONZI S.P.A.;AZIENDA;C.SO MILANO 88/B;VERONA;45562122;info@garonzispa.it;
CORRA' SICUREZZA S.R.L.;AZIENDA;VIA PROVINCIALE EST, 22;BUTTAPIETRA;456660087;corra@corrasicurezza.it;
CORRA' SICUREZZA S.R.L.;AZIENDA;VIA PROVINCIALE EST, 22;BUTTAPIETRA;456660087;corra@corrasicurezza.it;
ARCHIVA S.R.L.;AZIENDA;VIA SPAGNA, 24;VILLAFRANCA DI VERONA;45288000;stefano.amigliani@archivagroup.it;
FEDRIGONI CARTIERE S.P.A.;AZIENDA;V.LE PIAVE, 3;VERONA;458087768;selezione_formazione@fedrigoni.it;
BIEMME COMPUTERS S.R.L.;AZIENDA;VIA EMILIA 2/A;LUGAGNANO DI SONA;456766282;l.perina@biemmecomputers.it;
BIEMME COMPUTERS S.R.L.;AZIENDA;VIA EMILIA 2/A;LUGAGNANO DI SONA;456766282;l.perina@biemmecomputers.it;
ELETTRASERVICE S.N.C.;AZIENDA;VIA CONTI DA PRATO,15;CALDIERO;456151049;elettraservice@interfree.it;
EVIT S.R.L.;AZIENDA;S.DA DELL'ALPO, 20;VERONA;458203639;info@evitsrl.it;
ELETTRO 2 ERRE SNC;AZIENDA;VIA VOLPARE,28;NEGRAR;456000435;;
ELETTRO 2 ERRE SNC;AZIENDA;VIA VOLPARE,28;NEGRAR;456000435;;
BONFERRARO SPA;AZIENDA;VIA OBERDAN, 57;SORGA';456649216;gabriel.panarotto@bonferraro.it;
BONFERRARO SPA;AZIENDA;VIA OBERDAN, 57;SORGA';456649216;gabriel.panarotto@bonferraro.it;
BUSATO MORENO;AZIENDA;PIAZZA MARTIRI DELLA LIBERTA' , 1/C;ISOLA DELLA SCALA;456630581;busato.m@brembenet.it;
MODENINI SNC AUTOFFICINA;AZIENDA;VIA DELL'INDUSTRIA, 6;VIGASIO;457363899;luca@modenini.it;
DAL BARCO SRL;AZIENDA;VIA VILLANOVA, 75;SAN BONIFACIO;456102133;fabio@dalbarco.it;
DAL BARCO SRL;AZIENDA;VIA VILLANOVA, 75;SAN BONIFACIO;456102133;fabio@dalbarco.it;
AUTODESI SNC;AZIENDA;VIA I MAGGIO- ZONA ARTIGIANALE;BUSSOLENGO;456767488;stefano@autodesi.it;
OFFICINA SPONDA SRL;AZIENDA;VIA F. GIOIA, 47;VERONA;45501293;luca.trentin@volkswagengroup.it;
CINQUANTA SRL;AZIENDA;VIA SPAGNOLE,3 - DOMEGLIARA;SANT'AMBROGIO DI VALPOLICELLA;456860922;cinquanta.francesca@cinquantavr.volkswagengroup.it;
SITEM S.R.L.;AZIENDA;VIA STAFFALI, 44/H;VILLAFRANCA DI VERONA - DOSSOBUONO;458600997;sistem@sistemautomazione.com;
SIGNORETTO GROUP S.N.C.;AZIENDA;VIA MARCO POLO, 11;VERONA;45568800;ugolini.stefano@signoretto.group.it;
STM PRODUCTS S.R.L.;AZIENDA;VIA SCHIAPPARELLI, 15;VERONA;45585700;info@stm-products.com ;
STM PRODUCTS S.R.L.;AZIENDA;VIA SCHIAPPARELLI, 15;VERONA;45585700;info@stm-products.com ;
TRILANCE S.R.L.;AZIENDA;VIALE DEL COMMERCIO, 47;VERONA;458214701;info@trilance.com;
TECNO SERVICE VERDARI;AZIENDA;VIA DELL'INFORMATICA, 10;SAN MARTINO BUON ALBERGO;458781427;info@verdari.it;
TECNO SERVICE VERDARI;AZIENDA;VIA DELL'INFORMATICA, 10;SAN MARTINO BUON ALBERGO;458781427;info@verdari.it;
COMUNE DI SAN GIOVANNI LUPATOTO;ENTE PUBBLICO;VIA ROMA, 18;SAN GIOVANNI LUPATOTO;458290207;personale@comune.sangiovannilupatoto.vr.it;
COMUNE DI SAN GIOVANNI LUPATOTO;ENTE PUBBLICO;VIA ROMA, 18;SAN GIOVANNI LUPATOTO;458290207;personale@comune.sangiovannilupatoto.vr.it;
COMUNE DI SAN GIOVANNI LUPATOTO;ENTE PUBBLICO;VIA ROMA, 18;SAN GIOVANNI LUPATOTO;458290207;personale@comune.sangiovannilupatoto.vr.it;
BEDIGITAL S.R.L.;AZIENDA;VIA GINO BELTRAMINI 15/A;VERONA;458352440;amministrazione@bedigital.it;
ORTHOFIX S.R.L.;AZIENDA;VIA DELLE NAZIONI, 9;BUSSOLENGO;456719000;davide@remelli.net;
PIESSE QUADRO S.R.L.;AZIENDA;VIA GIORDANI, 9;BOVOLONE;456901890;segreteria@piessequadro.com;
IEM S.R.L.;AZIENDA;VIA GALVANI, 22/C;VERONA;45563003;info@iemimpiantielettrici.com;
PUNTO LUCE SERVIZI ELETTRICI DI LUCIO PUSCEDDU;AZIENDA;VIA CARLO MONTANARI, 2B;NEGRAR;3404650504;puntoluce-@libero.it;
NOVA SYSTEMS ENGINEERING S.R.L.;AZIENDA;VIALE DEL LAVORO, 39A;SAN MARTINO BUON ALBERGO;458788211;valeria@novasystems.it;
RPS S.P.A.;AZIENDA;VIALE EUROPA, 7;LEGNAGO;442635839;f.salgarolo@riello-ups.com;
QUADRANTE SERVIZI S.R.L.;AZIENDA;VIA SOMMACAMPAGNA, 61;VERONA;45952447;elena@quadranteservizi.it;
QUADRANTE SERVIZI S.R.L.;AZIENDA;VIA SOMMACAMPAGNA, 61;VERONA;45952447;elena@quadranteservizi.it;
CENTRO UFFICIO S.N.C.;AZIENDA;VIA ALTICHIERO, 81;ZEVIO;457135441;info@centroufficio.it;
E-TIME S.R.L.;AZIENDA;VIALE DEL LAVORO 45;SAN MARTINO BUONALBERGO;458780289;accounting@e-time.it;
EDULIFE S.P.A.;AZIENDA;LUNGADIGE GALTAROSSA;VERONA;459696300;l.soato@edulife.it;
EDULIFE S.P.A.;AZIENDA;LUNGADIGE GALTAROSSA;VERONA;459696300;l.soato@edulife.it;
EDULIFE S.P.A.;AZIENDA;LUNGADIGE GALTAROSSA;VERONA;459696300;l.soato@edulife.it;
ELECTRONIC SERVICE ITALIA S.R.L.;CONSORZIO;VIA DELLA SERENISSIMA, 8/1;BOVOLONE;456901425;info@es-i.it;
ELECTRONIC SERVICE ITALIA S.R.L.;CONSORZIO;VIA DELLA SERENISSIMA, 8/1;BOVOLONE;456901425;info@es-i.it;
GIRTECH S.R.L.;AZIENDA;VIA D. DA LUGO, 34;GREZZANA;458650792;cgirlanda@girtech.com;
CHIARINI AUTOMAZIONI S.R.L. A SOCIO UNICO;AZIENDA;VIA DELL' ARTIGIANATO, 30;MARANO DI VALPOLICELLA;456800863;commerciale@chiariniautomazioni.it;
UTECO CONVERTING S.P.A.;AZIENDA;VIALE DEL LAVORO,25;COLOGNOLA AI COLLI;045 6174555;sabrina.tomba@uteco.com;
UTECO CONVERTING S.P.A.;AZIENDA;VIALE DEL LAVORO,25;COLOGNOLA AI COLLI;045 6174555;sabrina.tomba@uteco.com;
UTECO CONVERTING S.P.A.;AZIENDA;VIALE DEL LAVORO,25;COLOGNOLA AI COLLI;045 6174555;sabrina.tomba@uteco.com;
UTECO CONVERTING S.P.A.;AZIENDA;VIALE DEL LAVORO,25;COLOGNOLA AI COLLI;045 6174555;sabrina.tomba@uteco.com;
FIUMINI SERGIO E FIGLI S.N.C.;AZIENDA;VIA BELTRAMINI, 5;VERONA;45941176;mirco@fiuminisergioefigli.191.it;
FIUMINI SERGIO E FIGLI S.N.C.;AZIENDA;VIA BELTRAMINI, 5;VERONA;45941176;mirco@fiuminisergioefigli.191.it;
EL.MED. GARDA S.A.S.;AZIENDA;VIA SAN GIUSEPPE ARTIGIANO, 6;COSTERMANO;456200094;info@elmedgarda.it;
ZANINI IMPIANTI S.N.C.;AZIENDA;VIA P. P. ARVEDI,1;VERONA;458841061;amministrazione@zaniniimpianti.it;
ZANINI IMPIANTI S.N.C.;AZIENDA;VIA P. P. ARVEDI,1;VERONA;458841061;amministrazione@zaniniimpianti.it;
ELETTROSYSTEM S.R.L.;AZIENDA;VIA LUCIO ANZIO, 14;GREZZANA;45907772;info@elettro-system.com;
LINPAC PACKAGING VERONA SRL;AZIENDA;VIA MONTE PASTELLO, 40;SAN GIOVANNI LUPATOTO;459216411;marta.prati@linpac.com;
NOVA SYSTEMS SERVICES S.R.L.;AZIENDA;PIAZZA DEL POPOLO, 1;VELO VERONESE;458788214;lforomi@novasystemsindustria.eu;
VALBUSA TECNOELETTRICA S.N.C. DI VALBUSA DARIO & C.;AZIENDA;VIA DEL FORTINO, 1;VERONA;45562649;simone.valbusa@tiscali.it;
VIESSMANN S.R.L.;AZIENDA;VIA BALCONI/BRENNERO, 56;PESCANTINA;456768999;tina@viessmann.com;
ANDREA IMPIANTI DI TEZZA ANDREA;AZIENDA;VIA S. ROCCO, 1;ROVERE';457848100;info@andreaimpianti.com;
ANDREA IMPIANTI DI TEZZA ANDREA;AZIENDA;VIA S. ROCCO, 1;ROVERE';457848100;info@andreaimpianti.com;
DELTA ERRE SAFE S.R.L.;AZIENDA;VIA TICINO, 9A/9B;SAN GIOVANNI LUPATOTO;459251754;ongaro@deltaerresafe.it;
NUOVA TECNOMOTOR S.R.L.;AZIENDA;VIA E. NATTA, 28;PESCANTINA;457153755;;
INFRACOM ITALIA S.P.A.;AZIENDA;P.LE EUROPA, 12;VERONA;458271411;andrea.zampieri@infracom.it;
HYPHEN - ITALIA S.R.L.;AZIENDA;VIA MARCONI, 14;VERONA;456203200;saraceno.a@hypen-italia.com;
HYPHEN - ITALIA S.R.L.;AZIENDA;VIA MARCONI, 14;VERONA;456203200;saraceno.a@hypen-italia.com;
OFFICINA MECC. ELETTR. F.LLI CHESINI CLAUDIO E VALENTINO S.N.C.;AZIENDA;VIA CORNO MOZZO, 14;PESCANTINA;456767409;officinachesini@libero.it;
OFFICINA MECC. ELETTR. F.LLI CHESINI CLAUDIO E VALENTINO S.N.C.;AZIENDA;VIA CORNO MOZZO, 14;PESCANTINA;456767409;officinachesini@libero.it;
ELETTRODATA SRL;AZIENDA;VIA STRA', 164;COLOGNOLA AI COLLI;458980734;elettrodata@tin.it;
ELETTRODATA SRL;AZIENDA;VIA STRA', 164;COLOGNOLA AI COLLI;458980734;elettrodata@tin.it;
C.I.E. SRL;AZIENDA;VIA VERDI, 26;CASTEL D'AZZANO;452066153;c.i.e.so@alice.it;
C.I.E. SRL;AZIENDA;VIA VERDI, 26;CASTEL D'AZZANO;452066153;c.i.e.so@alice.it;
STUDIO 3/98 DI DUFFINI CLAUDIO & C. S.N.C.;AZIENDA;VIA VENEZIA, 10/B;SANT'AMBROGIO DI VALPOLICELLA;456013202;claudio.duffini@gmail.com;
FRACCAROLI & BALZAN S.P.A.;AZIENDA;VIA OSPEDALETTO, 113;PESCANTINA;456767309;amministrazione@fraccarolibalzan.it;
4 FLYING SRL;AZIENDA;VIA EDISON 6;ZEVIO;458731908;amministrazione@4-flying.com;
4 FLYING SRL;AZIENDA;VIA EDISON 6;ZEVIO;458731908;amministrazione@4-flying.com;
BERTAGNOLI RENATO;AZIENDA;VIA COPERNICO,25;GREZZANA;458668066;michele@bertagnolirenato.it;
BERTAGNOLI RENATO;AZIENDA;VIA COPERNICO,25;GREZZANA;458668066;michele@bertagnolirenato.it;
OFFICINE BRENNERO S.P.A.;AZIENDA;VIA MANTOVANA, 158/B;VERONA;045/861231;matteo.ferioni@iveco.com;
OFFICINE BRENNERO S.P.A.;AZIENDA;VIA MANTOVANA, 158/B;VERONA;045/861231;matteo.ferioni@iveco.com;
ARCANET S.R.L.;AZIENDA;LOC.  CROSARON, 18/C;SAN BONIFACIO;456103766;amministrazione@arcanetservice.it;
ELECTRO TEAM S.R.L.;AZIENDA;VIA PACINOTTI, 10;VALEGGIO SUL MINCIO;456370950;electroteam@electroteamsrl.it;
COLOMBO 3000 DI LINO MASSAGRANDE;AZIENDA;VIA TRIESTE, 9/B;VILLAFRANCA DI VERONA;456305404;max@colombo3000.com;max@colombo3000.com
FABER ELETTRONICA S.N.C. DI FATTORI A. E BERTIN C.;AZIENDA;VIA DELL' ARTIGIANATO,38;CALDIERO;456151945;info@faber-elettronica.it;
COMUNE DI NEGRAR;ENTE PUBBLICO;PIAZZA VITTORIO EMANUELE, 37;NEGRAR;456011688;risorseumane@comunenegrar.it;
COMUNE DI NEGRAR;ENTE PUBBLICO;PIAZZA VITTORIO EMANUELE, 37;NEGRAR;456011688;risorseumane@comunenegrar.it;
TECNEL VD S.N.C.;AZIENDA;VIA OSPEDALETTO, 56;PESCANTINA;3474153050;info@tecnelvd.it;
SETECNA S.R.L.;AZIENDA;VIA A. VOLTA, 19/B;VILLAFRANCA DI VERONA;458600409;info@setecna.it - c.marini@setecna.it;
VI.BE.MAC. S.P.A.;AZIENDA;VIA MONTE PASTELLO, 7/I;SAN GIOVANNI LUPATOTO;458778151;accounting@vbm-grp.com;
VI.BE.MAC. S.P.A.;AZIENDA;VIA MONTE PASTELLO, 7/I;SAN GIOVANNI LUPATOTO;458778151;accounting@vbm-grp.com;
VI.BE.MAC. S.P.A.;AZIENDA;VIA MONTE PASTELLO, 7/I;SAN GIOVANNI LUPATOTO;458778151;accounting@vbm-grp.com;
BIONDAN S.P.A.;AZIENDA;VIA DEL VEGRON, 2;VERONA;045/8950555;biondan@biondan.it;
BIONDAN S.P.A.;AZIENDA;VIA DEL VEGRON, 2;VERONA;045/8950555;biondan@biondan.it;
BRUGI S.P.A.;AZIENDA;VIA PASTEUR 6;VERONA;458299111;sonia.agostino@brugi.it;
BRUGI S.P.A.;AZIENDA;VIA PASTEUR 6;VERONA;458299111;sonia.agostino@brugi.it;
OLI.TECNICA DI MENINI GIANNI E C.SNC;AZIENDA;P.LE VITTORIO VENETO 85;BUSSOLENGO;457157536;info@olitecnicasnc.it;
ISANGO SRL;AZIENDA;VIA  FRANCIA 3;VERONA;454857608;info@isango.it;
ELETTROLAMPO SAS DI BERTASO DAVIDE;AZIENDA;C.SO PORTA PALIO 46B;VERONA;458005127;;
GRUPPO GIOVANNINI SRL;AZIENDA;VIA E. FERMI 13;VERONA;458270340;;
KIRATECH SPA;AZIENDA;VIA FERMI, 11;VERONA;458347852;marco.bizzantino@kiratech.it;
EWIDE S.R.L.;AZIENDA;VIA MILANO 175;CASTELNUOVO DEL GARDA;452060857;amministrazione@ewide.it;
SP TRANS SRL;AZIENDA;VIA SOMMACAMPAGNA,61;VERONA;458621966;fabrizio@sptrans.it;
SP TRANS SRL;AZIENDA;VIA SOMMACAMPAGNA,61;VERONA;458621966;fabrizio@sptrans.it;
GAMMA UFFICIO SPA;AZIENDA;VIA PACINOTTI,4;VERONA;458185555;amministrazione@gammaspa.it;
FEDERAL MOGUL ITALY SRL;AZIENDA;VIA ENRICO FERMI,8;VERONA;458281347;cristina.piccazzi@fmmotorparts.com;
FEDERAL MOGUL ITALY SRL;AZIENDA;VIA ENRICO FERMI,8;VERONA;458281347;cristina.piccazzi@fmmotorparts.com;
AUTOFFICINA POIANA RAFFAELE;AZIENDA;VIA DELLE COSTE,20;VERONA;45567440;officina.poiana@gmail.com;
ISAP PACKAGING S.P.A;AZIENDA;LUNGADIGE ATTIRAGLIO 67;VERONA;458394411;alessandro.franceschini@isap-packaging.com;
CIAT ITALIA SRL;AZIENDA;VIA NASSAR, 46;PESCANTINA;456750065;s.peruzzi@cipriani-phe. com;
COMPITALIA SRL;AZIENDA;CROSARON N.18;VERONA;456106191;compitalia@compitalia.it;
CAD IT SPA;AZIENDA;VIA TORRICELLI, 44/A;VERONA;458211111;risorseumane@caditgroup.comroup.com;
CAD IT SPA;AZIENDA;VIA TORRICELLI, 44/A;VERONA;458211111;risorseumane@caditgroup.comroup.com;
CAD IT SPA;AZIENDA;VIA TORRICELLI, 44/A;VERONA;458211111;risorseumane@caditgroup.comroup.com;
CAD IT SPA;AZIENDA;VIA TORRICELLI, 44/A;VERONA;458211111;risorseumane@caditgroup.comroup.com;
PURPLE TRASPORTI SRL;AZIENDA;VIA DELL' INDUSTRIA,9;MOZZECANE;457979800;direzione@purpletrasporti.it;
ELETTROSYSTEM   VENERI SILVIO;AZIENDA;VIA L. ANZIO, 14;GREZZANA;45907772;info@elettro-system.com;
GREENSOFT SAS;AZIENDA;VIA DEL MOLINEL, 11;LAZISE;456020415;info@greensoft.net;
GREENSOFT SAS;AZIENDA;VIA DEL MOLINEL, 11;LAZISE;456020415;info@greensoft.net;
SOVEMA  GROUP S.P.A.;AZIENDA;VIA SPAGNA,13;VILLAFRANCA DI VERONA;456335711;laura.alberti@sovemagroup.it;
DIGITAL IDEA SRL;AZIENDA;PIAZZA DANESE, 4;BUSSOLENGO;456703929;info@digitalidea.it;
DIGITAL IDEA SRL;AZIENDA;PIAZZA DANESE, 4;BUSSOLENGO;456703929;info@digitalidea.it;
HINOWA SPA;AZIENDA;VIA FONTANA, 3;NOGARA;442539100;info@hinowa.com;
HINOWA SPA;AZIENDA;VIA FONTANA, 3;NOGARA;442539100;info@hinowa.com;
ME.CO IMPIANTI SRL;AZIENDA;VENETO;SONA;4560900085;amministrazione@mecoimpianti.com;
AUDIOVIDEOVERONA SERVICE SNC;AZIENDA;VIA PIEMONTE, 10;SONA;45575599;info@audiovideoveronaservice.it;
AUDIOVIDEOVERONA SERVICE SNC;AZIENDA;VIA PIEMONTE, 10;SONA;45575599;info@audiovideoveronaservice.it;
AUDIOVIDEOVERONA SERVICE SNC;AZIENDA;VIA PIEMONTE, 10;SONA;45575599;info@audiovideoveronaservice.it;
SMS WELDING.IT;AZIENDA;VIA VOLPARE, 34 D;NEGRAR;456000291;smswelding@gmail.com;
SOVERE SPA;AZIENDA;VIA DELLA METALLURGICA 24;VERONA;458187511;;
VICENTINI SPA;AZIENDA;VIA GARDESANE 49;VERONA;452085111;sara.modena@vicentini.it;
VICENTINI SPA;AZIENDA;VIA GARDESANE 49;VERONA;452085111;sara.modena@vicentini.it;
VICENTINI SPA;AZIENDA;VIA GARDESANE 49;VERONA;452085111;sara.modena@vicentini.it;
VICENTINI SPA;AZIENDA;VIA GARDESANE 49;VERONA;452085111;sara.modena@vicentini.it;
VICENTINI SPA;AZIENDA;VIA GARDESANE 49;VERONA;452085111;sara.modena@vicentini.it;
VICENTINI SPA;AZIENDA;VIA GARDESANE 49;VERONA;452085111;sara.modena@vicentini.it;
FERRAMENTA VENETA SRL;AZIENDA;VIA MONTE AMIATA,1;SAN GIOVANNI LUPATOTO;458266555;marco.spinelli@ferramentaveneta.com;
FERRAMENTA VENETA SRL;AZIENDA;VIA MONTE AMIATA,1;SAN GIOVANNI LUPATOTO;458266555;marco.spinelli@ferramentaveneta.com;
HONDA MOTOR EUROPE LOGISTICS NV;AZIENDA;VIA STRA',152;COLOGNOLA AI COLLI;456173329;claudia.felis@honda-eu.com;
AGSM VERONA SPA;AZIENDA;LUNGADIGE  GALTAROSSA, 8;VERONA;458677266;silviaanguzza@hotmail.com;
AGSM VERONA SPA;AZIENDA;LUNGADIGE  GALTAROSSA, 8;VERONA;458677266;silviaanguzza@hotmail.com;
AGSM VERONA SPA;AZIENDA;LUNGADIGE  GALTAROSSA, 8;VERONA;458677266;silviaanguzza@hotmail.com;
AGSM VERONA SPA;AZIENDA;LUNGADIGE  GALTAROSSA, 8;VERONA;458677266;silviaanguzza@hotmail.com;
AGSM VERONA SPA;AZIENDA;LUNGADIGE  GALTAROSSA, 8;VERONA;458677266;silviaanguzza@hotmail.com;
ZUCCHELLI FORNI SPA;AZIENDA;VIA ARTIGIANA S.PIERINO;TREVENZUOLO;456680068;elena.isolani@zucchelliforni.net;
ZUCCHELLI FORNI SPA;AZIENDA;VIA ARTIGIANA S.PIERINO;TREVENZUOLO;456680068;elena.isolani@zucchelliforni.net;
WELLTECH SYSTEMS SRL;AZIENDA;VIA DEL CAPITEL;VERONA;45977155;info@welltech.it;
EXOR INTERNATIONAL S.P.A.;AZIENDA;MONTE FIORINO, 9;SAN GIOVANNI LUPATOTO;458750404;ufficio.personale@exorint.it;
AUTOPRESTIGE SRL;AZIENDA;CORSO VENEZIA, 97;VERONA;452585743;matmiz98@gmail.com;
S.T.A.C.OL. SAS;AZIENDA;CORSO MILANO,223;VERONA;45573822;annalisa@datastudioweb.it;
OSPEDALIERA UNIVERSITARIA INTEGRATA DI VERONA;AZIENDA;P.LE  A. STEFANI,1;VERONA;458126530;gianpaolo.masini@ospedalieraverona.it;
CWS SRL;AZIENDA;VIA E.TORRICELLI, 37;VERONA;458780870;hr@cws.it;
A.T.E. SRL;AZIENDA;VIA DELL' INDUSTRIA, 2;VIGASIO;457364500;daniela.facci@@ate-srl.it;
POWER HYDRAULIK SRL;AZIENDA;CA' DELL'AGLIO, 9;SAN MARTINO BUON ALBERGO;458780721;info@powerhydraulik.com;
CONSOLINI ERMANNO;AZIENDA;VIA CONTRADA SAN ZENO, 5;S. ZENO DI MONTAGNA;3382656193;ermaconsolini@teletu.it;
VERONA LAMIERE S.P.A.;AZIENDA;VIA G. PASCOLI, 46;ZEVIO;458738311;stefano.capitanio@veronalamiere.it;
VERONA LAMIERE S.P.A.;AZIENDA;VIA G. PASCOLI, 46;ZEVIO;458738311;stefano.capitanio@veronalamiere.it;
EXIMAG ART SISTEMI SRL;AZIENDA;VIA TEVERE, 76;VERONA;45680575;info@eximag.it;
SAVINO DEL BENE SPA;AZIENDA;VIA DEL BOTTEGHINO 24/26;SCANDICCI;458626611;verona@savinodelbene.com;
NEOTECNICA S.R.L.;AZIENDA;VIA DIAZ, 4- CENTRO DIREZ. DIAMANTE 2;SANT'AMBROGIO DI VALPOLICELLA;456862581;;
ROSSETTO TRADE SPA;AZIENDA;VIA FRIULI, 5;SONA;456861622;panificio@rossettogroup.it;
ROSSETTO TRADE SPA;AZIENDA;VIA FRIULI, 5;SONA;456861622;panificio@rossettogroup.it;
ROSSETTO TRADE SPA;AZIENDA;VIA FRIULI, 5;SONA;456861622;panificio@rossettogroup.it;
ASSALI STEFEN SRL;AZIENDA;VIA COPERNICO, 1;ZEVIO;458731600;segreteria.direzione@assalistefen.com;
FORNO BONOMI S.P.A.;AZIENDA;CONTRADA VAZZI, 7;ROVERE' VERONESE;045/6509300;sonia.bonomi@fornobonomi.com;
AGRICOLA ITALIANA ALIMENTARE  SPA;AZIENDA;PIAZZALE APOLLINARE VERONESI, 1;VERONA;458097511;;
AGRICOLA ITALIANA ALIMENTARE  SPA;AZIENDA;PIAZZALE APOLLINARE VERONESI, 1;VERONA;458097511;;
AGRICOLA ITALIANA ALIMENTARE  SPA;AZIENDA;PIAZZALE APOLLINARE VERONESI, 1;VERONA;458097511;;
AGRICOLA ITALIANA ALIMENTARE  SPA;AZIENDA;PIAZZALE APOLLINARE VERONESI, 1;VERONA;458097511;;
AGRICOLA ITALIANA ALIMENTARE  SPA;AZIENDA;PIAZZALE APOLLINARE VERONESI, 1;VERONA;458097511;;
TERMINALI ITALIA S.R.L. FF.SS;AZIENDA;PIAZZA DELLA CROCE ROSSA,1;ROMA;458624422;e.bonuzzi@terminaliitalia.it;
TERMINALI ITALIA S.R.L. FF.SS;AZIENDA;PIAZZA DELLA CROCE ROSSA,1;ROMA;458624422;e.bonuzzi@terminaliitalia.it;
ALTURAS SISTEMI S.R.L.;AZIENDA;VIA VENEZIA, 1;VILLAFRANCA DI VERONA;456305279;amministrazione@alturas.it;
ALTURAS SISTEMI S.R.L.;AZIENDA;VIA VENEZIA, 1;VILLAFRANCA DI VERONA;456305279;amministrazione@alturas.it;
SCHENKER ITALIANA SPA;AZIENDA;VIA FRATELLI BANDIERA 29;PESCHIERA BORROMEO;45828277; ;
SCHENKER ITALIANA SPA;AZIENDA;VIA FRATELLI BANDIERA 29;PESCHIERA BORROMEO;45828277; ;
SCHENKER ITALIANA SPA;AZIENDA;VIA FRATELLI BANDIERA 29;PESCHIERA BORROMEO;45828277; ;
DOLPHIN PACK SRL;AZIENDA;VIA VOLTA, 13;VERONA;456200814;centralino@dolphinpack.net;
MAXTECH;AZIENDA;VIA PALAZZINA, 174;VERONA;45507655;info@maxtech.it;
ARTE PASTAIA SRL;AZIENDA;VIA DEL LAVORO, 20;SAN MARTINO BUON ALBERGO;458781879;info@artepastaia.it;
RBR VERONA SRL;AZIENDA;VIA ANNA DA SCHIO, 2;VERONA;458403665;rbrverona@rbrverona.it;
RBR VERONA SRL;AZIENDA;VIA ANNA DA SCHIO, 2;VERONA;458403665;rbrverona@rbrverona.it;
RBR VERONA SRL;AZIENDA;VIA ANNA DA SCHIO, 2;VERONA;458403665;rbrverona@rbrverona.it;
JUMP VERONA SRL;AZIENDA;VIA MARCONI 74;VERONA;458944534;riparazioni@jumpverona.it;
JUMP VERONA SRL;AZIENDA;VIA MARCONI 74;VERONA;458944534;riparazioni@jumpverona.it;
AULSS 9  SCALIGERA VERONA;ENTE PUBBLICO;VIA DELLA VALVERDE, 42;VERONA;458075511;direttore.formazione@aulss9.veneto.it;
AULSS 9  SCALIGERA VERONA;ENTE PUBBLICO;VIA DELLA VALVERDE, 42;VERONA;458075511;direttore.formazione@aulss9.veneto.it;
AULSS 9  SCALIGERA VERONA;ENTE PUBBLICO;VIA DELLA VALVERDE, 42;VERONA;458075511;direttore.formazione@aulss9.veneto.it;
AULSS 9  SCALIGERA VERONA;ENTE PUBBLICO;VIA DELLA VALVERDE, 42;VERONA;458075511;direttore.formazione@aulss9.veneto.it;
AULSS 9  SCALIGERA VERONA;ENTE PUBBLICO;VIA DELLA VALVERDE, 42;VERONA;458075511;direttore.formazione@aulss9.veneto.it;
TELEFIN SPA;AZIENDA;VIA ALBERE, 87/A;VERONA;458100404;info@telefin.it;
TELEFIN SPA;AZIENDA;VIA ALBERE, 87/A;VERONA;458100404;info@telefin.it;
TELEFIN SPA;AZIENDA;VIA ALBERE, 87/A;VERONA;458100404;info@telefin.it;
TELEFIN SPA;AZIENDA;VIA ALBERE, 87/A;VERONA;458100404;info@telefin.it;
S.C.S. SURVEY CAD SYSTEM SRL;AZIENDA;VIALE DELLA TECNICA;POVEGLIANO VERONESE;457971883;amministrazione@pfcad.it;
TORNERIA TOSI SRL;AZIENDA;VIA TOSCANINI 15;CASTEL D'AZZANO;458520486;info@torneriatosi.it;
D.E.C.A. SISTEM SRL;AZIENDA;CARMELO PREITE,33;GARDA;456270017;deca@dallora.it;
D.E.C.A. SISTEM SRL;AZIENDA;CARMELO PREITE,33;GARDA;456270017;deca@dallora.it;
QUAIATO RENZO;AZIENDA;VIA BOSCO 18;CASTEL D'AZZANO;45512364;amministrazione@floricolturaquaiato.com;
FERRAMENTA PERINELLI;AZIENDA;VIA MARZAN 4;PESCHIERA DEL GARDA;457551749;info@perinelliforniture.it;
STAMPERIA DI ALOISI & GALVANI SRL;AZIENDA;STRADA DEL TIONE 27;LAZISE;456470100;info@stamperia.net;
FVS SPA;AZIENDA;VIA QUARTIERI;MOZZECANE;457900247;tecnico1@fvsspa.com;
ANT SRL;AZIENDA;VIA DELLA CONCORDIA 4;SAN MARTINO BUON ALBERGO;045 878 1380;amministrazione@antsrl.eu;
TECNOLUCE DI ALTIERI RICCARDO E C. SNC;AZIENDA;VIA F. FAVRETTO 14;VERONA;458100254;tecnoluce@tecnolucevr.it;
CITTA' DEL SOLE S.R.L.;AZIENDA;;PORTOGRUARO;0421 394738 - 3336844457;;
CITTA' DEL SOLE S.R.L.;AZIENDA;;PORTOGRUARO;0421 394738 - 3336844457;;
HI-FI SERVICE;AZIENDA;VIA GOLOSINE 202/A;VERONA;458200774;hifiserv@tin.it;
CONSORZIO AGRARIO DEL NORD EST;AZIENDA;VIA CADERMANETTO 2;TREVENZUOLO;3477821874;roberto.soave@agrinordest.it;
SERGIO GIOLITTO;AZIENDA;PIAZZA DEL DONATORE 12;PASTRENGO;3464968333;sergio@giolitto.it;
LB DI SONA CRISTINA;AZIENDA;VIA MADONNINA 50;S.GIOVANNI LUPATOTO;458753212;alessandra.ale.manzini@gmail.com;alessandra.ale.manzini@gmail.com
ANDREA GNESATO;AZIENDA;PIZZA SAN VALENTINO 5;VERONA;3478197328;andrea@zeta.uno;
MONDO PC SNC;AZIENDA;VIA C. ANGIOLIERI, 4;CASTEL D'AZZANO;45518086;mail@mondo-pc.it;
MONDO PC SNC;AZIENDA;VIA C. ANGIOLIERI, 4;CASTEL D'AZZANO;45518086;mail@mondo-pc.it;
ARDUINI & NERBOLDI;AZIENDA;VIA DELLA MECCANICA 32;VERONA;458515411;nicoletta.braga@eurodiesel.it;
ARDUINI & NERBOLDI;AZIENDA;VIA DELLA MECCANICA 32;VERONA;458515411;nicoletta.braga@eurodiesel.it;
ARDUINI & NERBOLDI;AZIENDA;VIA DELLA MECCANICA 32;VERONA;458515411;nicoletta.braga@eurodiesel.it;
ENERGIA-WEB;AZIENDA;VIA POZZE 3;PESCANTINA;457150116;amministrazione@bluedigital.it;mattia@webmc2.it
IDIOMA SERVIZI LINGUISTICI;AZIENDA;VIA MADONNINA 2;S.GIOVANNI LUPATOTO;456934956;idiomaservizilinguistici@gmail.com;
AUTOTRASPORTI VARONE DOMENICO;AZIENDA;VIA ISOLA DELLA SCALA;BUTTAPIETRA;456660471;silvia@treviensrl.com;
SEGESTA GESTIONI S.R.L;AZIENDA;VIALE CASSALA, 16;MILANO;;;
ABERFOND SRL;AZIENDA;VIA PACINOTTI 34;VERONA;45500508;rita@aberfond.com;rita@aberfond.com
TIRAPELLE TRASPORTI SRL;AZIENDA;VIA BELLONA, 2;SONA;459698397;domenici@tirapelle.it;
COMITEL SRL;AZIENDA;VIA LUSSEMBURGO 13;VERONA;45500577;ufficio.tecnico@comitel.com;
UNDERSCORE SOAVE COMPUTER DI DEMIS NAPOLI;AZIENDA;VIALE DELLA VITTORIA,15/A;SOAVE;456190136;info@underscore.computer;
CENTRO RICAMBI VERONA SRL;AZIENDA;VIA DEL COMMERCIO, 56;VERONA;458203366;info@centroricambiverona.it;
YUOR TRAINERS GROUP;AZIENDA;VIA LARGO CALDERA, 11;VERONA;3403265054;stefanovecchi@ytgmail.com;
MAKRO LABELLING SRL;AZIENDA;VIA S.GIOVANNA D'ARCO, 9;GOITO;3761872203;simone.marcantoni@makrolabelling.it;
ARALDO SRL;AZIENDA;VIA CARCERERI, 22/A;BOSCO CHIESANUOVA;457080485;amministrazione@araldoartedelgusto.it;
BERNER SPA;AZIENDA;VIA DELL'ELETTRONICA, 15;VERONA;458670196;andrea.castellani@berner.it;
PROFESSIONE ORTOPEDIA SRL;AZIENDA;VIA FERMI, 17/C;VERONA;458781298;info@professioneortopedia.it;
ALL SERVICES  SRL;AZIENDA;VIA DEL COMMERCIO, 10;VERONA;45504126;olent@all-services.it;
GAZZANI NEREO;AZIENDA;VIA GARIBALDI, 20;CASTEL D'AZZANO;045 519989;nereogazzani@alice.it;
CANEVAWORLD RESORT SRL;AZIENDA;VIA FOSSALTA, 58;LAZISE;456969900;germana.amicabile@canevaworld.it;
CANEVAWORLD RESORT SRL;AZIENDA;VIA FOSSALTA, 58;LAZISE;456969900;germana.amicabile@canevaworld.it;
CANEVAWORLD RESORT SRL;AZIENDA;VIA FOSSALTA, 58;LAZISE;456969900;germana.amicabile@canevaworld.it;
ARCA PROGETTI SRL;AZIENDA;VIA SEGAI 8;GREZZANA-STALLAVENA;3496494709;giuseppe.nicotra@istruzioneverona.it;
SMILENET SRL;AZIENDA;VIA MONTE BALDO 4;VILLAFRANCA DI VERONA;458600511;silvia@smilenet.it;
TREEMME DI MARCHIORI L. & C.;AZIENDA;VIA PONZILOVO 16/B;RONCO ALL'ADIGE;456624140;treemmevr@gmail.com;
FARMACIA ALL'ALABRO 28;AZIENDA;PIAZZALE BUCCARI 3;VERONA;45557037;farmacia.allalbaro@gmail.com;
FARMACIA ALL'ALABRO 28;AZIENDA;PIAZZALE BUCCARI 3;VERONA;45557037;farmacia.allalbaro@gmail.com;
ABATEL SNC;AZIENDA;VIA ARNO 2;VERONA;45862071;stevanoloris@abatel.it;
AVESANI DARIO IMPIANTI ELETTRICI;AZIENDA;VIA VERONA, 32;CASELLE DI SOMMACAMPAGNA;458580031;avesani.dario@tiscali.it;
MAGI SRL;AZIENDA;PIAZZETTA PORTICI, 12;TORRI DEL BENACO;457225510;info@magistudio.it;
PARMALAT S.P.A.;AZIENDA;VIA DELLE NAZIONI UNITE, 4;COLLECCHIO;5218081;m.contorni@parmalat.net;
PARMALAT S.P.A.;AZIENDA;VIA DELLE NAZIONI UNITE, 4;COLLECCHIO;5218081;m.contorni@parmalat.net;
PARMALAT S.P.A.;AZIENDA;VIA DELLE NAZIONI UNITE, 4;COLLECCHIO;5218081;m.contorni@parmalat.net;
PARMALAT S.P.A.;AZIENDA;VIA DELLE NAZIONI UNITE, 4;COLLECCHIO;5218081;m.contorni@parmalat.net;
PICCOLI SERGIO & C. SRL;AZIENDA;BINELUNGHE, 15 - LOC. BASSONE;VERONA; 045 8510988;mary@piccolisergio.it;
ISTITUTO NAZIONALE PREVIDENZA SOCIALE;ENTE PUBBLICO;VIA CIRO IL GRANDE 21;ROMA;28562254;annamaria.tangari@inps.it;
ISTITUTO NAZIONALE PREVIDENZA SOCIALE;ENTE PUBBLICO;VIA CIRO IL GRANDE 21;ROMA;28562254;annamaria.tangari@inps.it;
ISTITUTO NAZIONALE PREVIDENZA SOCIALE;ENTE PUBBLICO;VIA CIRO IL GRANDE 21;ROMA;28562254;annamaria.tangari@inps.it;
RIELLO SPA;AZIENDA;VIA ING.PILADE RIELLO,7;LEGNAGO;442630111;alessia.cazzolato@riello.it;
ITI MARCONI VERONA;AZIENDA;PIAZZALE GUARDINI, 1;VERONA;458101428;sede@marconivr.it;dsga@marconivr.it
ITI MARCONI VERONA;AZIENDA;PIAZZALE GUARDINI, 1;VERONA;458101428;sede@marconivr.it;dsga@marconivr.it
ITI MARCONI VERONA;AZIENDA;PIAZZALE GUARDINI, 1;VERONA;458101428;sede@marconivr.it;dsga@marconivr.it
ARBETTI MOTORS S.R.L.;AZIENDA;STRADA DELLA GIARA, 7;VERONA;45522200;info@arbettimotors.it;
CASAGRANDE ELETTROCOSTRUZIONI S.P.A.;AZIENDA;VIA G. ROSSINI, 24;CASTEL D'AZZANO;458546511;info@casagrande.vr.it;
ICI CALDAIE S.P.A.;AZIENDA;VIA G.PASCOLI,38;ZEVIO;458738511;info@icicaldaie.com;
ICI CALDAIE S.P.A.;AZIENDA;VIA G.PASCOLI,38;ZEVIO;458738511;info@icicaldaie.com;
ACRAM S.R.L.;AZIENDA;LOC. PIGNA, 13;SANT'AMBROGIO DI VALPOLICELLA;456835411;info@acram.it;
AGRICOLA RIPARAZIONE S.N.C.;AZIENDA;VIA CA DE MICHELI 62/A;SANGUINETTO;442365290;info@agricolariparazione.it;
RETTONDINI INGRANAGGI S.N.C.;AZIENDA;VIA DELLA COOPERAZIONE, 17;BOVOLONE;045 6900097;rettondiniingranaggi@libero.it;
TELEPOINT SNC;AZIENDA;LOCALITA' IN AFFI, 32;AFFI;456260513;info@telepointservice.com;
TELEPOINT SNC;AZIENDA;LOCALITA' IN AFFI, 32;AFFI;456260513;info@telepointservice.com;
IRMIE IMPIANTI S.R.L;AZIENDA;VIA DELL' INDUSTRIA, 17;SONA;456090355;info@irmieimpianti.com;
CORRADI CARLO CARPENTERIA METALLICA;AZIENDA;VIA GIUSEPPE SILVESTRI 2;VERONA;458802115;carpenteriametallicacorr@tin.it;
BORASO STEFANO IMPIANTI ELETTRICI;AZIENDA;VIA CAMPAGNA 17;ISOLA DELLA SCALA;3358163926;boraso.stefano@virgilio.it;
AUTOTEAM SPA;AZIENDA;VIA MANTOVA 16/A;LEGNAGO;44224800;graziano.ghirotti@autoteam.it;
UCICAR S.N.C. DI RINCO A. & C.;AZIENDA;VIA VITTORIO VENETO;POVEGLIANO VERONESE;456350091;contabilita@ucicar.it;
CERPELLONI GIOVANNI (DITTA INDIVIDUALE);AZIENDA;VIA VILLA COZZA, 33;VERONA;045 532612;segreteria@cerpelloni.com;
AUTOFFICINA DE TOGNI SRL;AZIENDA;VIA G.CARDUCCI 52;ZEVIO;45545922;amministrazione@detogniauto.it;
FIMAUTO SPA;AZIENDA;VIA DEL LAVORO,19;BUSSOLENGO;456767787;raffaella.zilio@fimauto.conc-bmw.com;
FIMAUTO SPA;AZIENDA;VIA DEL LAVORO,19;BUSSOLENGO;456767787;raffaella.zilio@fimauto.conc-bmw.com;
ELETTROSOUND S.R.L.;AZIENDA;VIA MADONNA 239;PESCANTINA;457157690;diego@elettrosoundverona.it;
PNEUSNAUTICA DI A.PEROBELLI & C. SAS;AZIENDA;VIA LUSSEMBURGO, 6;VERONA;045 585846;info@pneusnautica.com;
COMUNE DI BUSSOLENGO;ENTE PUBBLICO;PIAZZA XXVI APRILE, 21;BUSSOLENGO;456769908;scuola@comune.bussolengo.vr.it;marconi@comune.bussolengo.vr.it
COMUNE DI BUSSOLENGO;ENTE PUBBLICO;PIAZZA XXVI APRILE, 21;BUSSOLENGO;456769908;scuola@comune.bussolengo.vr.it;marconi@comune.bussolengo.vr.it
COMUNE DI BUSSOLENGO;ENTE PUBBLICO;PIAZZA XXVI APRILE, 21;BUSSOLENGO;456769908;scuola@comune.bussolengo.vr.it;marconi@comune.bussolengo.vr.it
NOVA DITEX SRL;AZIENDA;LOCALITA'MANDELLA,38;PESCHIERA DEL GARDA;456401191;info@ditex.it;
NICOLIS PROJECT S.R.L.;AZIENDA;VIA CASCINA VERDE, 2;VILLAFRANCA DI VERONA;456334030;amministrazione@nicolis.com;
NICOLIS PROJECT S.R.L.;AZIENDA;VIA CASCINA VERDE, 2;VILLAFRANCA DI VERONA;456334030;amministrazione@nicolis.com;
NICOLIS PROJECT S.R.L.;AZIENDA;VIA CASCINA VERDE, 2;VILLAFRANCA DI VERONA;456334030;amministrazione@nicolis.com;
CLUBTI-TRIVENETO;ASSOCIAZIONE;VIA E.P. MASINI, 2;PADOVA;;;
LICCI LOGISTICA S.R.L;AZIENDA;VIA LEONARDO DA VINCI, 8/B;ZEVIO;457850232;matteo@licci.it;
INTERBETA S.R.L.;AZIENDA;VIA V. BELLINI, 1;CASTEL D'AZZANO;45519679;rosanna.interbeta@ibt-group.it;
TEKNOPLANET SOC. COOP.;COOPERATIVA;VIA ROVEGGIA, 26/A;VERONA;456932056;teknoplanetvr@gmail.com;
FLOVER SRL;AZIENDA;VIA PASTRENGO 14;BUSSOLENGO;458241904;ammrisorse@flover.it;
FLOVER SRL;AZIENDA;VIA PASTRENGO 14;BUSSOLENGO;458241904;ammrisorse@flover.it;
FRIGOSCANDIA SPA A SOCIO UNICO;AZIENDA;VIA MONZORO, 140;CORNAREDO;2931901;daniela.gorla@frigoscandiaspa.it;
MULTISERVICE GB S.R.L;AZIENDA;VIA MERZARI, 1;SAN GIOVANNI LUPATOTO;458620421;info@multiservicegb.it;
PIVA LUCA;AZIENDA;VIA CADALORA, 69;OPPEANO;3357593887;tecnopiva@libero.it;
SPORTLER;AZIENDA;VIALE DEL COMMERCIO,1;S.MARTINO B/A;458780985;sergio.l@sportler.com;
SPORTLER;AZIENDA;VIALE DEL COMMERCIO,1;S.MARTINO B/A;458780985;sergio.l@sportler.com;
VECOMP SOFTWARE S.R.L.;AZIENDA;VIA MONTE BALDO 6;VILLAFRANCA DI VERONA;458600171;segreteriagenerale@vecompsoftware.it;
VECOMP SOFTWARE S.R.L.;AZIENDA;VIA MONTE BALDO 6;VILLAFRANCA DI VERONA;458600171;segreteriagenerale@vecompsoftware.it;
VECOMP SOFTWARE S.R.L.;AZIENDA;VIA MONTE BALDO 6;VILLAFRANCA DI VERONA;458600171;segreteriagenerale@vecompsoftware.it;
VECOMP SOFTWARE S.R.L.;AZIENDA;VIA MONTE BALDO 6;VILLAFRANCA DI VERONA;458600171;segreteriagenerale@vecompsoftware.it;
CENTRO AUTO E FUORISTRADA S.R.L.;AZIENDA;VIALE DEL LAVORO, 34;VERONA;45582444;o.elena@autobertucco.it;
CENTRO AUTO E FUORISTRADA S.R.L.;AZIENDA;VIALE DEL LAVORO, 34;VERONA;45582444;o.elena@autobertucco.it;
CENTRO AUTO E FUORISTRADA S.R.L.;AZIENDA;VIALE DEL LAVORO, 34;VERONA;45582444;o.elena@autobertucco.it;
E.B.I. GROUP SPA;AZIENDA;VIA DELLA TECNICA, 24;SOMMACAMPAGNA;458971200;info@ebigroup.it;
TAEDA COMMUNICATION S.R.L.S.;AZIENDA;VIA SALVO D'ACQUISTO 21;SAN GIOVANNI LUPATOTO;3921799882;linda@taedacommunication.it;
PASTIFICIO RANA S.P.A.;AZIENDA;VIA PACINOTTI 25;SAN GIOVANNI LUPATOTO;458587311;mbugna@rana.it;
PASTIFICIO RANA S.P.A.;AZIENDA;VIA PACINOTTI 25;SAN GIOVANNI LUPATOTO;458587311;mbugna@rana.it;
PASTIFICIO RANA S.P.A.;AZIENDA;VIA PACINOTTI 25;SAN GIOVANNI LUPATOTO;458587311;mbugna@rana.it;
PASTIFICIO RANA S.P.A.;AZIENDA;VIA PACINOTTI 25;SAN GIOVANNI LUPATOTO;458587311;mbugna@rana.it;
ITALFRIGO;AZIENDA;VIA 1° MAGGIO 6;CAVAION VERONESE;456260879;daniela@italfrigo.it;
ITALFRIGO;AZIENDA;VIA 1° MAGGIO 6;CAVAION VERONESE;456260879;daniela@italfrigo.it;
BENCAR AUTO;AZIENDA;VIA ANTONIO DA LEGNAGO;VERONA;458868121;bencarauto@libero.it;
BENCAR AUTO;AZIENDA;VIA ANTONIO DA LEGNAGO;VERONA;458868121;bencarauto@libero.it;
ENERGYZ S.R.L.;AZIENDA;VIA MALASPINA, 6;VERONA;3482638772;info@energyz.it;
MARTE S.R.L;AZIENDA;VIA DELLE FONTANELLE, 83/D;SAN BONIFACIO;458538024;support@marte.it;
PC REWORK;AZIENDA;VIA CENTRO, 2/D;VERONA;452478610;info@pcrework.it;
COMUNE DI CALDIERO;ENTE PUBBLICO;PIAZZA MARCOLUNGO 19;CALDIERO;457650023;segreteria@comune.caldiero.vr.it;
TERRATRANS ITALIA S.R.L.;AZIENDA;VIA SOMMACAMPAGNA, 61;VERONA;458648100;roberta.vinco@terratrans.it;
MIDAC S.P.A;AZIENDA;VIA A. VOLTA, 2;SOAVE;045/6132132;midac@midacbatteries.com;
CORSINI COMMERCIO CANCELLERIA SRL;AZIENDA;VIA N. COPERNICO, 12;VERONA;458204050;info@corsinioffice.it;
DOC SERVIZI SOC. COOP.;AZIENDA;VIA PIRANDELLO 31;VERONA;458230796;arianna.fuser@docservizi.it;
AUTOFFICINA MARCAZZAN FLAVIO;AZIENDA;VIA ALPONE 8;SAN GIOVANNI ILARIONE;456550705;flavio.marcazzan68@gmail.com;
ADAMI AUTOTRASPORTI S.P.A.;AZIENDA;VIA VALPOLICELLA 74;ARBIZZANO;458515111;info@adamitrasporti.com;
ADAMI AUTOTRASPORTI S.P.A.;AZIENDA;VIA VALPOLICELLA 74;ARBIZZANO;458515111;info@adamitrasporti.com;
ADAMI AUTOTRASPORTI S.P.A.;AZIENDA;VIA VALPOLICELLA 74;ARBIZZANO;458515111;info@adamitrasporti.com;
ADAMI AUTOTRASPORTI S.P.A.;AZIENDA;VIA VALPOLICELLA 74;ARBIZZANO;458515111;info@adamitrasporti.com;
ALDEBRA S.P.A.;AZIENDA;VIA FERMI 13/C;VERONA;;michele.rubino@aldebra.com;
ALDEBRA S.P.A.;AZIENDA;VIA FERMI 13/C;VERONA;;michele.rubino@aldebra.com;
SISTEMI INTEGRATI PER LO SPORT S.S.D.R.L.;AZIENDA;BENIGNO DI TULLIO 13;ROMA;;g.esposito@sistemiperlosport.com;
BERTI MACCHINE AGRICOLE SPA;AZIENDA;VIA MUSI, 1/A-3;ALTAVILLA VICENTINA;456139711;bertia@bertima.it;
HAWAI ITALIA S.R.L.;AZIENDA;VIA FORTE GAROFOLO, 16;SAN GIOVANNI LUPATOTO;045 8266400;s.danzi@hawai.it;
FRATELLI LEARDINI S.N.C.;AZIENDA;VIA AGOSTINO GOIRAN, 27;CAPRINO VERONESE;456230742;info@leardinielettroimpianti.it;
ARDA S.P.A.;AZIENDA;STRADA DEI FRATI, 7;PESCHIERA DEL GARDA;457550333;f.bonini@arda.it;
CGIL CAMERA DEL LAVORO TERRITORIALE DI VERONA;AZIENDA;VIA SETTEMBRINI, 6;VERONA;458674624;segreteria@cgilverona.it;
ELETTROFRIGO SRL;AZIENDA;VIA PACINOTTI, 23;SOMMACAMPAGNA;458580463;amministrazione@elettrofrigo.com;
ELETTROFRIGO SRL;AZIENDA;VIA PACINOTTI, 23;SOMMACAMPAGNA;458580463;amministrazione@elettrofrigo.com;
ECO TYPE S.A.S.;AZIENDA;VIA BELVIGLIERI, 50;VERONA;45528269;fornitori@ecotype.it;
ZUCCHETTI S.P.A.;AZIENDA;SOLFERINO, 1;VERONA;0371 5941;maurizio.lugoboni@zucchetti.it;
COMUNE DI SAN PIETRO IN CARIANO;ENTE PUBBLICO;VIA CHOPIN, 3;SAN PIETRO IN CARIANO;456832111;protocollo@comune.sanpietroincariano.vr.it ;
CORTE GIARA S.R.L.;AZIENDA;VIA GIARE, 5;FUMANE;456832063;amministrazione@allegrini.it;
TABACCHERIA CARTOLIBRERIA VESENTINI SUSANNA;AZIENDA;VIA G MARCONI, 76;ISOLA RIZZA;457135777;vesentinisusanna@alice.it;
TABACCHERIA CARTOLIBRERIA VESENTINI SUSANNA;AZIENDA;VIA G MARCONI, 76;ISOLA RIZZA;457135777;vesentinisusanna@alice.it;
GRUPPO SINERGIA S.R.L.;AZIENDA;VIALE ARTIGIANATO, 32;POVEGLIANO VERONESE;456351570;mirko.ambrosi@grupposinergia.com;
GRUPPO SINERGIA S.R.L.;AZIENDA;VIALE ARTIGIANATO, 32;POVEGLIANO VERONESE;456351570;mirko.ambrosi@grupposinergia.com;
ELECTRONIC DESIGN S.A.S.;AZIENDA;VILLAGGIO ROSELANT, 14;BOSCO CHIESANUOVA;457080698;info@electronicdesign.it;
PAGIN AUTO S.R.L.;AZIENDA;VIA MADONNA, 219;BOVOLONE;457100077;paginauto@email.it;
A.A.T.C. AND CO S.R.L.;AZIENDA;VIA NAPOLEONE, 8;SANT'AMBROGIO DI VALPOLICELLA;456861627;contabilita@aatc.it;
A.A.T.C. AND CO S.R.L.;AZIENDA;VIA NAPOLEONE, 8;SANT'AMBROGIO DI VALPOLICELLA;456861627;contabilita@aatc.it;
MESAROLI LOGISTICA S.P.A.;AZIENDA;VIA TIONE, 14;TREVENZUOLO;457359456;elisa.zanini@mesaroli.com;
INFOVAL S.R.L.;AZIENDA;VIALE DEL LAVORO, 2;GREZZANA;458650746;gzanini@forgreenlife.it;
INFOVAL S.R.L.;AZIENDA;VIALE DEL LAVORO, 2;GREZZANA;458650746;gzanini@forgreenlife.it;
CAB LOG S.R.L.;AZIENDA;VIA TORRICELLI, 17;NOALE;; a.traino@cab-log.it;
ESA  DI SACCONELLI ANDREA;AZIENDA;VIA FENILETTO;SAN MARTINO BUON ALBERGO;;andreasacconelli@gmail.com;
PESENTE SERVICE S.N.C.;AZIENDA;VIA MARIN FALIERO, 69;VERONA;045/565788;info@pesente.it;
ALFA SERVICE S.R.L.;AZIENDA;VIA LOMBARDIA, 5;SONA;458621181;costanzi@alfaservice.it;
VIGNOLA IMPIANTI TECNOLOGICI S.R.L.;AZIENDA;CORSO MILANO;VERONA;3482557960;vignolaenrico@gmail.com;
A.ESSE IMPIANTI S.R.L.;AZIENDA;VIA STELLA POLARE,16;SOMMACAMPAGNA;458619000;info@aesseimpianti.it;
STEGAGNO INDUSTRIALE S.P.A.;AZIENDA;VIALE PIAVE, 16;VERONA;458971051;direzione@stegagnospa.it;
STEGAGNO INDUSTRIALE S.P.A.;AZIENDA;VIALE PIAVE, 16;VERONA;458971051;direzione@stegagnospa.it;
TABARRINI RIMORCHI S.R.L.;AZIENDA;VIA MEZZACAMPAGNA, 25/A;VERONA;045 541156;info@tabarrini.it;
VALDOTECH S.A.S.;AZIENDA;VIA GIOVANNI FALCONE,1;SAN PIETRO IN CARIANO;456800068;domenico.zantedeschi@gmail.com;
AZIENDA AGRICOLA AMBROSI S.S.;AZIENDA;VIA SCORGNANO, 18;TREGNAGO;3495328761;nicola.bonomi@gmail.com;
AROMI S.R.L.;AZIENDA;VIA CASETTE, 31;NEGRAR;457111622;sara@aromicreativi.com;
ITALDES S.R.L.;AZIENDA;VIA STAFFALI, 8;VILLAFRANCA DI VERONA;456717569;amministrazione@italdes.it;
ITALMAC S.R.L.;AZIENDA;VIALE DEL LAVORO, 1;RONCO ALL'ADIGE;457000123;info@italmac.it;
GRUPPO ITALIANO VINI S.P.A.;AZIENDA;VILLA BELVEDERE;CALMASINO DI BARDOLINO;456269607;bigi@giv.it;
GRUPPO ITALIANO VINI S.P.A.;AZIENDA;VILLA BELVEDERE;CALMASINO DI BARDOLINO;456269607;bigi@giv.it;
GRUPPO ITALIANO VINI S.P.A.;AZIENDA;VILLA BELVEDERE;CALMASINO DI BARDOLINO;456269607;bigi@giv.it;
ALCOFER S.R.L.;AZIENDA;VIA SALISBURGO, 5;VERONA;45500051;sara@alcofer.it;
AUTOFFICINA R & B S.A.S;AZIENDA;VIA LIGURIA, 82;SONA;456090145;dallepezzesabina@gmail.com;
CORSI S.P.A.;AZIENDA;VIA SOMMACAMPAGNA, 22;VERONA;458628611;vanni@corsispa.it;
SAIE S.R.L. OLD;AZIENDA;VIALE DELLA REPUBBLICA, 16;SAN MARTINO BUON ALBERGO;458840272;info@saiesrl.it;
DIELETTRIC S.R.L.;AZIENDA;VIA STRADA DELLE TRINCEE, 15/D;VERONA;458550548;info@dielettric.it;
DLL SYSTEM S.R.L.;AZIENDA;VIA CACCIATORI DELLE ALPI, 11;VERONA;3357294894;diegofincato@dllsystem.it;
DLL SYSTEM S.R.L.;AZIENDA;VIA CACCIATORI DELLE ALPI, 11;VERONA;3357294894;diegofincato@dllsystem.it;
VERONA SALDATURA S.N.C.;AZIENDA;VIA DELLA SCIENZA;VERONA;458510133;info@veronasaldatura.it;
ARCHIVIO DI STATO;ENTE PUBBLICO;VIA SANTA TERESA, 6/12;VERONA;45594580;as-vr@beniculturali.it;
ARCHIVIO DI STATO;ENTE PUBBLICO;VIA SANTA TERESA, 6/12;VERONA;45594580;as-vr@beniculturali.it;
LO STUDIO LANGUAGE COURSES CAMBRIDGE;AZIENDA;SALISBURY VILLAS,6;STATION ROAD;;antonio_losito@alice.it;
TRENITALIA SPA;AZIENDA;VIA CARLO ALBERTO DALLA CHIESA,18;VERONA;3138348737;f.furnari@trenitalia.it;
TRENITALIA SPA;AZIENDA;VIA CARLO ALBERTO DALLA CHIESA,18;VERONA;3138348737;f.furnari@trenitalia.it;
TRENITALIA SPA;AZIENDA;VIA CARLO ALBERTO DALLA CHIESA,18;VERONA;3138348737;f.furnari@trenitalia.it;
TRENITALIA SPA;AZIENDA;VIA CARLO ALBERTO DALLA CHIESA,18;VERONA;3138348737;f.furnari@trenitalia.it;
TRENITALIA SPA;AZIENDA;VIA CARLO ALBERTO DALLA CHIESA,18;VERONA;3138348737;f.furnari@trenitalia.it;
IDRA S.R.L.;AZIENDA;VIA RAMBOLINA,7;BASSANO DEL GRAPPA;424568623;amministrazione@idraweb.it;
IDRA S.R.L.;AZIENDA;VIA RAMBOLINA,7;BASSANO DEL GRAPPA;424568623;amministrazione@idraweb.it;
AERONAUTICA - 3° STORMO VILLAFRANCA;ENTE PUBBLICO;VIA CALURI 1;VILLAFRANCA DI VERONA;456332214;;
INSIEME COOPERATIVA SOCIALE;COOPERATIVA;VIA COLONIA ORFANI DI GUERRA, 2;VERONA;458650538;segreteria@coopinsieme.it;
INSIEME COOPERATIVA SOCIALE;COOPERATIVA;VIA COLONIA ORFANI DI GUERRA, 2;VERONA;458650538;segreteria@coopinsieme.it;
BENDAZZOLI LUCIO IMPIANTI ELETTROTECNICI;AZIENDA;VIA TACCONI 2/A;PASTRENGO;457170664;luciobend@teletu.it;
TEKNO UNO S.R.L.;AZIENDA;VIA FRATELLI CERVI, 11;SAN MARTINO BUON ALBERGO;458780400;info@teknouno.it;
POLIFUNGHI S.R.L.;AZIENDA;VIA SOMMACAMPAGNA, 63;VERONA;458621129;polifunghi@gmail.com;
POLIFUNGHI S.R.L.;AZIENDA;VIA SOMMACAMPAGNA, 63;VERONA;458621129;polifunghi@gmail.com;
C.E.R. CONSORZIO ELETTROTECNICI RIUNITI;AZIENDA;VIA EUROPA UNITA', 26;BARDOLINO;456212374;info@certecnoelettro.it;
INFO PLUS SRL;AZIENDA;GRADINA VECHE;GALATI ;745091094;aditza_sava@yahoo.com ;
SOCIETA' HELLAS VERONA F.C. SPA;AZIENDA;VIA FRANCIA 21/D;VERONA;458186113;settoregiovanile@hellasverona.it;
SOCIETA' HELLAS VERONA F.C. SPA;AZIENDA;VIA FRANCIA 21/D;VERONA;458186113;settoregiovanile@hellasverona.it;
ITALIAN FOOD TRADING S.R.L.;AZIENDA;VIA DELL'ARTIGIANATO, 29;SOMMACAMPAGNA;458580774;nicola.bressan@italianfootrading.it;
UNIGRAF S.R.L.;AZIENDA;VIALE DELLA TECNICA, 23;POVEGLIANO VERONESE;457970000;info@unigrafonline.it;
VALIANTEC S.R.L.;AZIENDA;VIA DEI CAVALERI, 12;SONA;458681080;info@valiantec.com;
ING. POLIN & C. S.P.A.;AZIENDA;VIALE DELL'INDUSTRIA, 9;VERONA;458289100;paghe@polin.it;
ING. POLIN & C. S.P.A.;AZIENDA;VIALE DELL'INDUSTRIA, 9;VERONA;458289100;paghe@polin.it;
COMUNE DI SANT'AMBROGIO DI VALPOLICELLA;AZIENDA;VIA SENGIO,1;SANT'AMBROGIO DI VALPOLICELLA;456832624;pinali@comune.santambrogio.vr.it;
C.L. TECH TRADE SRL;AZIENDA;PIAZZA CARLO ZINELLI 1;SAN GIOVANNI LUPATOTO;458766758;info@cltechtrade.com;
SPERI MASSIMO E ROSSANO S.N.C.;AZIENDA;VIA ROSMINI, 7;VERONA;458034914;posta@autofficinasperi.it;
COMUNE DI VERONA;ENTE PUBBLICO;P.ZZA BRA', 1;VERONA;458077400;tirocini.lavoro@comune.verona.it;
AMT AZIENDA MOBILITA' E TRASPORTI S.P.A.;AZIENDA;VIA F. TORBIDO, 3/A;VERONA;452320025;nicolis@amt.it;
SUPERMERCATI MARTINELLI SRL;AZIENDA;C.SO VITTORIO EMANUELE, 242;VILLAFRANCA DI VERONA;457902199;michela@martinellisupermercati.it;
E.D.N. IMPIANTI S.R.L.;AZIENDA;VIA DEL PERLAR, 27;VERONA;458265068;info@ednimpianti.it;
E.D.N. IMPIANTI S.R.L.;AZIENDA;VIA DEL PERLAR, 27;VERONA;458265068;info@ednimpianti.it;
SHOPSI  S.R.L. SOCIO UNICO;AZIENDA;VIA L. BESI, 20/C;VERONA;458918611;linda.arieleconeglianoçnegoziobio.it;
SHOPSI  S.R.L. SOCIO UNICO;AZIENDA;VIA L. BESI, 20/C;VERONA;458918611;linda.arieleconeglianoçnegoziobio.it;
COMUNE DI ZEVIO;AZIENDA;VIA PONTE PEREZ, 2;ZEVIO;456068411; ecologia@comune.zevio.vr.it;
AUTOTRASPORTI TURATTI;AZIENDA;LARGO LAGORAI, 3;BUTTAPIETRA;456150088;mamife@libero.it;
POLATO IMPIANTI DI POLATO MASSIMO;AZIENDA;VIA ORTIGARA, 38/E;VILLAFRANCA DI VERONA;459203980;info@polatoimpianti.it;
AUTOTRASPORTI CTV VERONA S.R.L.;AZIENDA;VIA CARDUCCI 4A;ZEVIO;458738818;amministrazione@ctvtrasporti.it;
AUTOTRASPORTI CTV VERONA S.R.L.;AZIENDA;VIA CARDUCCI 4A;ZEVIO;458738818;amministrazione@ctvtrasporti.it;
AUTOMAH S.R.L.;AZIENDA;VIA MAESTRI DEL LAVORO 18;ZEVIO;456661770;Info@automah.it;
AUTOMAH S.R.L.;AZIENDA;VIA MAESTRI DEL LAVORO 18;ZEVIO;456661770;Info@automah.it;
AUTOMAH S.R.L.;AZIENDA;VIA MAESTRI DEL LAVORO 18;ZEVIO;456661770;Info@automah.it;
VETRERIA DO.LA.KA. S.R.L.;AZIENDA;VIA BINELUNGHE, 11;VERONA;458511530;info@dolaka.it;
NG SERVIZI S.A.S.;AZIENDA;VIA DELL'INDUSTRIA, 24;LUGAGNANO DI SONA;454851400;amministrazione@ng-servizi.net;
CESPED S.P.A.;AZIENDA;VIALE GRADO, 134;PAVIA DI UDINE;432659911;ffracco@cesped.it;
BERGEN S.R.L.;AZIENDA;VIA ROMA, 90;CASTEL D'AZZANO;45512090;logistica@bergen.it;
CARROZZERIA IMPERIA;AZIENDA;VIA VESTERLE, 1;CERRO VERONESE;457080713;imperiacerro@libero.it;
OPIFICIO DEI SENSI COOPERATIVA SOCIALE ONLUS;AZIENDA;VIA BROLO MUSELLA 27;SAN MARTINO BUON ALBERGO;458947356;tempomassimo@gmail.com;
FILITECH S.R.L.;AZIENDA;VIA LEGNAGO, 147/B;VERONA;458220012;afilippozzi@inwind.it;
LABONET S.R.L.;AZIENDA;VIA DEL PONTIERE, 3/C;VERONA;45597657;info@labonet.org;
PLUVITEC S.P.A.;AZIENDA;VIA QUADRELLI, 69;RONCO ALL'ADIGE;045 660811;ufficio.amministrazione@pluvitec.com;
FERRARI S.P.A.;AZIENDA;VIA MONZAMBANO, 65;PONTI SUL MINCIO;376808901;ferrari.giovanni@ferraricofani.it;
3C ELABORAZIONE DATI S.R.L.;AZIENDA;PIAZZA CARLO ZINELLI, 1;SAN GIOVANNI LUPATOTO;458221069;orietta.antoniazzi@3ced.org;
TH. KOHL S.R.L.;AZIENDA;VIALE DELL'INDUSTRIA, 37;BADIA CALAVENA;456511811; c.bottacini@thkohl.it;
SC NOUMAX S.R.L.;AZIENDA;VIA COSTACHE SIBICEANU, 15;BUCAREST;;service@noumax.ro;
SC NOUMAX S.R.L.;AZIENDA;VIA COSTACHE SIBICEANU, 15;BUCAREST;;service@noumax.ro;
ANDERLONI ARREDAMENTI;AZIENDA;VIA DELL'ARTIGIANATO, 1;VILLAFRANCA DI VERONA;458600723;info@anderloniarredamenti.it;
ANDERLONI ARREDAMENTI;AZIENDA;VIA DELL'ARTIGIANATO, 1;VILLAFRANCA DI VERONA;458600723;info@anderloniarredamenti.it;
MADA S.R.L.;AZIENDA;VIA F. BUSONI, 200;OPPEANO;456984151;amministrazione@mada-srl.com;
COMUNE DI CAVAION VERONESE;AZIENDA;PIAZZA G. FRACASTORO, 8;CAVAION VERONESE;456265719;segreteria@comunecavaion.it;
S.G. S.R.L.;AZIENDA;VIA DELL'ARTIGIANATO, 42;SAN MARTINO BUON ALBERGO;45983362;gambaretto@sgsrl.net;
MOROTTO RIPARAZIONI;AZIENDA;VIA PIOPPONE, 17;NOGARA;442510773;officinaitalianasas@gmail.com;
MEC CAR S.N.C.;AZIENDA;VIA SOMMACAMPAGNA, 59;VERONA;458620991;susanna@meccar.org;
MIOINDIRIZZO S.R.L.;AZIENDA;VIA ENRICO FERMI, 11/A;VERONA;;info@mioindirizzo.com;
TOR MEC AMBROSI S.R.L.;AZIENDA;VIA MAESTRI DEL LAVORO,16;ZEVIO;456050205;tormec@legalmail.it;
TOR MEC AMBROSI S.R.L.;AZIENDA;VIA MAESTRI DEL LAVORO,16;ZEVIO;456050205;tormec@legalmail.it;
TOR MEC AMBROSI S.R.L.;AZIENDA;VIA MAESTRI DEL LAVORO,16;ZEVIO;456050205;tormec@legalmail.it;
DIALOGO ITALIA S.R.L.;AZIENDA;VIA SOMMACAMPAGNA, 59/C;VERONA;459691100;ornella.filippozzi@dialogo-italia.com;
ELETTROFORTUNA S.R.L.;AZIENDA;VIA GOLOSINE, 196;VERONA;454931070;ileana@ripara.it;
INFORMETICA CONSULTING S.R.L.;AZIENDA;VIALE DEL LAVORO, 33;SAN MARTINO BUON ALBERGO;454857630;amministrazione@informeticons.com ;
INFORMETICA CONSULTING S.R.L.;AZIENDA;VIALE DEL LAVORO, 33;SAN MARTINO BUON ALBERGO;454857630;amministrazione@informeticons.com ;
"ISTITUTO COMPRENSIVO ""A. CESARI""";SCUOLA;VIA G. MARCONI, 76;CASTEL D'AZZANO;458520813;vric85900v@istruzione.it;
"ISTITUTO COMPRENSIVO ""A. CESARI""";SCUOLA;VIA G. MARCONI, 76;CASTEL D'AZZANO;458520813;vric85900v@istruzione.it;
INFOMAT SERVIZI S.R.L.;AZIENDA;VIA PONTE PEREZ 23/C;ZEVIO;458751526;gianpaolo.scalzotto@inFomat.it;
INFOMAT SERVIZI S.R.L.;AZIENDA;VIA PONTE PEREZ 23/C;ZEVIO;458751526;gianpaolo.scalzotto@inFomat.it;
INFOMAT SERVIZI S.R.L.;AZIENDA;VIA PONTE PEREZ 23/C;ZEVIO;458751526;gianpaolo.scalzotto@inFomat.it;
VERONA CLIMB S.R.L.;AZIENDA;VIA CA' DI MAZZE' FRAZ. PALAZZINA;VERONA;45582569;diego@kingrock.it;
EDALAB S.R.L.;AZIENDA;STRADA LE GRAZIE, 15;VERONA;458027062;segreteria@edalab.it;
ISTITUTO COMPRENSIVO BOSCO CHIESANUOVA;SCUOLA;PIAZZETTA ALPINI, 5;BOSCO CHIESANUOVA;045/6780521;segreteria@istitutobosco.it;
VOLVO ITALIA S.P.A.;AZIENDA;VIA DELLA TECNICA, 30;SOMMACAMPAGNA;458979500;elena.gallarati@volvo.com;
PARROCCHIA SANTA MARIA IMMACOLATA;ENTE RELIGIOSO;VIA SAN MARCO, 61;VERONA;45574439;giuseppelonardi@virgilio.it;
AITEMA S.R.L.;AZIENDA;STRADA DELL'ALPO, 64/E;VERONA;458538002;info@aitema.com;
FABE S.N.C.;AZIENDA;VIA ENRICO FERMI, 62;VERONA;458621945;info@fabetrasportisnc.it;
UNIVR DIREZIONE O.S.I.;ENTE PUBBLICO;VIA DELL'ARTIGLIERE, 8;VERONA;458027054;cristina.baietta@univr.it;
UNIVR DIREZIONE O.S.I.;ENTE PUBBLICO;VIA DELL'ARTIGLIERE, 8;VERONA;458027054;cristina.baietta@univr.it;
UNIVR DIREZIONE O.S.I.;ENTE PUBBLICO;VIA DELL'ARTIGLIERE, 8;VERONA;458027054;cristina.baietta@univr.it;
HANGARTNER TERMINAL S.R.L.;AZIENDA;VIA SOMMACAMPAGNA, 28;VERONA;458282411;nicola.zanini@dbschenker.com;
HANGARTNER TERMINAL S.R.L.;AZIENDA;VIA SOMMACAMPAGNA, 28;VERONA;458282411;nicola.zanini@dbschenker.com;
HANGARTNER TERMINAL S.R.L.;AZIENDA;VIA SOMMACAMPAGNA, 28;VERONA;458282411;nicola.zanini@dbschenker.com;
DKL SOC. COOP.;AZIENDA;VIA ORIANI, 2;VERONA;3666277283;commerciale@dkl.coop.it;
MANUTEC S.R.L.;AZIENDA;VIA CA' DI APRILI, 3/C;VERONA;45540439;posta@manutec.it;
MANUTEC S.R.L.;AZIENDA;VIA CA' DI APRILI, 3/C;VERONA;45540439;posta@manutec.it;
SCALIGERA GUARNIZIONI S.R.L.;AZIENDA;VIA CAV. VITTORIO VENETO, 29/A;RONCO ALL'ADIGE;457001831;amministrazione@scaligeraguarnizioni.it;
SCALIGERA GUARNIZIONI S.R.L.;AZIENDA;VIA CAV. VITTORIO VENETO, 29/A;RONCO ALL'ADIGE;457001831;amministrazione@scaligeraguarnizioni.it;
IAMEO GIACOMO SCAVI E LAVORI EDILI;AZIENDA;STRADA PROVINCIALE, 330;ALIFE;3200262056;ant.sassocap@libero.it;
TELAROSA S.R.L.;AZIENDA;VIA OTTAVIO CACCIA, 17/A;VERONA;458181300;c.peretti@telarosa.com;
DISCOS S.R.L.;AZIENDA;VIA CASOTTON, 16;OPPEANO;457130124;info@discos.it;
DISCOS S.R.L.;AZIENDA;VIA CASOTTON, 16;OPPEANO;457130124;info@discos.it;
BRIO S.P.A.;AZIENDA;VIA MANZONI, 99;ZEVIO;458351777;personale@briospa.com;
AVVOCATO AUDISIO ANTONELLA;AZIENDA;VIA DANIELE MANIN, 5;VERONA;45592599;avvantonellaaudisio@gmail.com;
COMUNE DI PESCHIERA;ENTE PUBBLICO;PIAZZALE BETTELONI, 3;PESCHIERA DEL GARDA;0457553494 - 0456400600;servizioeducativo@comune.peschieradelgarda.vr.it;
NOVA SYSTEMS SERVICES S.R.L.;AZIENDA;VIALE DEL LAVORO, 39;SAN MARTINO BUON ALBERGO;458788211;bavesani@novasystems.it;
NOVA SYSTEMS SERVICES S.R.L.;AZIENDA;VIALE DEL LAVORO, 39;SAN MARTINO BUON ALBERGO;458788211;bavesani@novasystems.it;
NOVA SYSTEMS SERVICES S.R.L.;AZIENDA;VIALE DEL LAVORO, 39;SAN MARTINO BUON ALBERGO;458788211;bavesani@novasystems.it;
A.P.S. CUCINAVERARTE;ASSOCIAZIONE;STRADA LA RIZZA, 651B;VERONA;3476772161;nicola.casadei@cucinaverarte.eu;
FIBERING S.P.A.;AZIENDA;VIALE RESTELLI 3/1;MILANO;200632100;info@fibering.com;
AUDIOVIDEOTECNICA S.N.C.;AZIENDA;VIA CALCARA 38B;CEREA;44280744;info@audiovideotecnica.it;
FONDAZIONE BRUNO KESSLER;UNIVERSITÀ;VIA S.CROCE,77;TRENTO;461314200;webvalley@fbk.eu;
FONDAZIONE BRUNO KESSLER;UNIVERSITÀ;VIA S.CROCE,77;TRENTO;461314200;webvalley@fbk.eu;
FERRARI BK SRL;AZIENDA;VIA SANTA CATERINA 7;CERRO VERONESE;458819531;m.ferrari@ferraribk.it;
LUBLIGHT;AZIENDA;VIA A. MONDADORI 38;VERONA;458921195;info@lubtech.it;
AIDI SRL;AZIENDA;VIALE DEL LAVORO 51;BUTTAPIETRA;456660183;info@aidisrl.it;
M & M COMPUTER CONSULTING S.A.S;AZIENDA;VIA SCUDERLANDO 280;VERONA;045 505722;commerciale@computer.veneto.it;
ABISIT SRL;AZIENDA;L. SETTEMBRINI 8;VERONA;458005608;info@absit.it;
ELCOGRAF;AZIENDA;VIA MONDADORI ,15;VERONA;045/934286;simone.baldo@verona.pozzoni.it;
PERFORMANCE IN LIGHTING SPA;AZIENDA;VIALE DEL LAVORO 9/11;COLOGNOLA AI COLLI;456159211;k.castagna@pil.lighting;
ACCIAIERIE DI VERONA;AZIENDA;ZONA INDUSTRIALE RIVOLI;OSOPPO;458058515;riccardo.olivieri@pittini.it;
ERNST ABBE GYMNASIUM;AZIENDA;HIGHBROOK DRIVE,60;AUCKLAND;07364-96130;;
BPS COMPUTER SRL;AZIENDA;PIAZZA UMBERTO I, 47;SAN GIOVANNI LUPATOTO;45549872;stefania@bpscomputer.it;
DOMUS SANA STUDIO;AZIENDA;VIA POERIO,15;VERONA;3483396540;info@domus-sana.it;
STUDIO GRAPHICS DESIGNER;AZIENDA;VIA GENOVA,19;BOVOLONE;457100634;info@studiographicsdesigner.it;
OFFICINA ZANTEDESCHI SNC;AZIENDA;VIA CA' DEDE 6;SAN PIETRO IN CARIANO;457701713;zantedeschitrattori@alice.it;
MOTUS TEAM;AZIENDA;VIA VAGO,15;CALDIERO;45982535;motus@bici-scooter.it;
STUDIO SOLUZIONI IT DI CASSINI LUCA;AZIENDA;VIA GIRASOLE,8;CALDIERO;3391449775;cassini@dotc.it;
MASTELLA G.&M.SNC;AZIENDA;VIA DELLE ROSE,5;VERONA;45557137;gioemiche@alice.it;
C.L.TECH SRL;AZIENDA;VIS SCHIAPPARELLI,7;SAN GIOVANNI LUPATOTO;458766750;info@cltechsrl.it;
FUSTELLIFICIO ARENA SRL;AZIENDA;E.TORRICELLI,35;VERONA;459511332;ufficio@fustellificioarena.it;
M B ACCUMULATORI SRL;AZIENDA;VIA DEL LAVORO,22;BUSSOLENGO;456703743;marco@mbaccumulatori.com;
ASD TEAM BMX VERONA;ASSOCIAZIONE;VIA BELVEDERE 151;VERONA;;lindaspiazzi@libero.it;
IRCCS OSPEDALE SACRO CUORE DON CALABRIA;AZIENDA;VIA DON SEMPREBONI, 5;NEGRAR;456013111;informazioni@sacrocuore.it;
CLX EUROPE SPA;AZIENDA;VIA DELL'ARTIGIANATO,8;VERONA;458294999;luciuim.b@clxeurope.com;
COOPERATIVA SOCIALE SI-FA;COOPERATIVA;VIA F.CASAROTI 35 ,;VERONA;3296543586;sifa.coop@gmail.com;
SCALIGERA ARREDAMENTI S.R.L.;AZIENDA;VIA DELLA SCIENZA,17;VERONA;458510638;info@scaligeraarredamenti.com;
INFRAMEDIA SRL;AZIENDA;VIA DELLA CONSORTIA,23;VERONA;458341329;info@inframedia.org;
ESSEPI PROFESSIONAL SERVICE DI PUVANARATNAM SANGEEVAN;AZIENDA;VIA TRENTO,78;CASTELNUOVO DEL GARDA;3207487229;info@essepi.org;
SINECTRA S.R.L.;AZIENDA;VIA VILLABELLA, 24/A;VERONA;456108147;risorseumane@sinectra.it;
REDORO S.R.L. FRANTOI VENETI;AZIENDA;VIA MARCONI,30;GREZZANA;45907622;amministrazione@redoro.it;
TECNOLOGIE S.A.S. DI CANTERI LUCA & C.;AZIENDA;VIALE DELL'INDUSTRIA, 3;GREZZANA;3497782095;info@computerverona.it;
RPN IMPIANTI SNC;AZIENDA;VIA POSTUMIA,74;VILLAFRANCA;456303108;rpn.impianti@legalmail.it;
NEW INFORMATICA;AZIENDA;PIAZZA GARIBALDI,12/B;RONCO ALL'ADIGE;456615360;info@newinformatica.it;
QUALITA' CLUB SELECTION SRL;AZIENDA;VILALE DEL LAVORO 22G;SAN MARTINO BUON ALBERGO;457834507;info@qualitaclub.it;
TOMELINI MULTSERVICE SRL;AZIENDA;VIA MONTE CAREGA,1A;CERRO VERONESE;457080124;info@tomultiservice.it;
ELETTROMECCANICA AMADORI A OFFICINA 33 SRL;AZIENDA;VIA DELLA SIDERURGIA,18;VERONA;458510390;elettrom.amadori@tiscali.it;
AUDIO SERVICE MULTIMEDIA DI COMPAROTTO STEFANO;AZIENDA;VIA GARIBALDI,5/23;S.GIOVANNI LUPATOTO;45583440;audioservicevr.com;
PARROCCHIA S. MARIA AUSILIATRICE;ENTE RELIGIOSO;VIA G.PRATI  10;VERONA;45913422;smausiliatriceverona@gmail.com;
NORDEST GROUP SRL;AZIENDA;VIA GARBINI,15;VERONA;45502755;info@nordest-group.com;
ASSOCIAZIONE 'VOLEREVOLARE ONLUS';ASSOCIAZIONE;VIA FAZZANO 83;CORREGGIO;3921089132;;
CAMPEGGIO SPIAGGIA D'ORO S.R.L.;AZIENDA;VIA GARDESANA,122;LAZISE;45758007;;
SELENE LIBRI S.R.L. LIBRACCIO;AZIENDA;VIA B.ANGELICO,21;MONZA;303754342;bresciaamministrazione@libraccio.it;
COPYGRAPH SRL;;VIA 1 MAGGIO N.20/C;MOZZECANE;456340570;amministrazione@copygraph.it;
SAVOIA VALENTINO STUDIO DI INGEGNERIA;AZIENDA;VIA G.DELEDDA,23;SONA;3405542460;ing_savoia@yahoo.it;
PROJECT SYSTEM SRL;AZIENDA;VIA DELL'INDUSTRIA,24/1;SONA;456082164;info@projectsystem.it;
LUX E PAOLA SRL;AZIENDA;VIA PONTE,27/A;SAN MARTINO BUON ALBERGO;45994472;sanmartinobuonalbergo@puffcigarette.com;
NOLEGGIARE SRL;AZIENDA;VIA A.DE GASPERI,14/1;TRENTO;452059301;info@noleggiare.it;
BALZARIN S.R.L.;AZIENDA;VIA GERMANIA 11;VERONA;458620017;info@balzarin.it;
MEC STUDIO SRLS;AZIENDA;VIA ZANCLE,6;VERONA;3453280668;info@mec-studio.it;
GI.GA. PNEUS SNC;AZIENDA;VIA MILANO, 155;CASTELNUOVO DEL GARDA;457570542;info@gigapneus.it;
STUDIO PROTECNO SRL;AZIENDA;VIA ALBERE,29/A;VERONA;45567955;info@studioprotecno.it;
ARCESE TRASPORTI SPA;AZIENDA;VIA ALDO MORO 95;ARCO;454573216;;
NOVAMIND S.N.C.;AZIENDA;VIA VITTORIO VENETO;ISOLA DELLA SCALA;456630515;info@novimind.it;
MECCANICA MURARI SRL;AZIENDA;VIA TORINO,5;NEGRAR;457513476;info@meccanicamurari.it;
PIKALU SRL;AZIENDA;VIA INGELHEIM,53;SAN PIETRO IN CARIANO;457704801;info@athleta.it;
USR VENETO-UAT VII VERONA;AZIENDA;VIA CADUTI DEL LAVORO,3;VERONA;458086511;usp.vr@istruzione.it;
CAD & CO SAS;AZIENDA;VIA VALPARADISO ,3;NEGRAR;;;
BERTI AUTOTRASPORTI SRL;AZIENDA;VIA BRENNERO,182;TRENTO;0461/951016;info@bertiautotrasporti.it;
ZARA ITALIA SRL;AZIENDA;LARGOCORSIA DEI SERVI,3;MILANO;28180081;ZaraHighSchool@it.inditex.com;
ZARA ITALIA SRL;AZIENDA;LARGOCORSIA DEI SERVI,3;MILANO;28180081;ZaraHighSchool@it.inditex.com;
ZARA ITALIA SRL;AZIENDA;LARGOCORSIA DEI SERVI,3;MILANO;28180081;ZaraHighSchool@it.inditex.com;
VIERRE SISTEM SRL;AZIENDA;VIA DELL'ARTIGIANATO;SOMMACAMPAGNA;458581212;info@vierresistem.it;
FIORIO SPA;AZIENDA;TRENTO,35;PESCANTINA;456760333;fiorio@fiorio.it;
CALZEDONIA S.P.A.;AZIENDA;VIA SALIERI, 30;VALLESE;456997153;info@calzedonia.it;
EXTENSYS SRL;AZIENDA;VIA DELL'ARTIGIANATO,23;PASTRENGO;456269301;info@extensys.it;
NICOLIS IMPIANTI SRL;AZIENDA;VIA EX-INTERNATI,5/B;PESCANTINA;456704275;amministrazione@nicolisimpianti.it;
ASSOCIAZIONE VERONA FABLAB;ASSOCIAZIONE;VIALE DEL LAVORO,2;GREZZANA;3440458663;info@veronafablab.it;
ASSOCIAZIONE VERONA FABLAB;ASSOCIAZIONE;VIALE DEL LAVORO,2;GREZZANA;3440458663;info@veronafablab.it;
NICOLIS INFORMATICA & SERVIZI SRL;AZIENDA;VIA CASCINA VERDE, 2;VILLAFRANCA DI VERONA;456334040;amministrazione@nicolis.com;
EVEREL GROUP S.P.A.;AZIENDA;VIA CAVOUR 9;VALEGGIO SUL MINCIO;456313711;francesco.salvoro@everelgroup.com;
METIS SOLUTIONS SRL;AZIENDA;VIALE DEI COMMERCIO,47;VERONA;458069295;info@metisnet.it;
GARDALAND SRL;AZIENDA;VIA DERNA 4;CASTELNUOVO DEL GARDA;456449839;ilenia.mazzai@gardaland.it;
GARDALAND SRL;AZIENDA;VIA DERNA 4;CASTELNUOVO DEL GARDA;456449839;ilenia.mazzai@gardaland.it;
G.N.T. DI GULLO NUNZIO;AZIENDA;VIA S.ANTONIO 6;BRENZONE;3338460993;nunziogullo@alice.it;
CENTROFER STIZZOLI S.R.L.;AZIENDA;VIA MAIELLA 4/C;VERONA;458920888;info@centrofer.it;
AP CONSULTING  S.R.L.;AZIENDA;VIA ARCHIMEDE, 10;SAN MARTINO BUON ALBERGO;456888530;amministrazione@apconsulting,net;
T.G. CAR SRL;AZIENDA;VIALE DELL'INDISTRIA,13;CALDIERO;456150339;info@tgcarcarrellielevatori.it;
INECO AUTO SPA;AZIENDA;VIA GALILEI 1;BOLZANO;045 8204437;service.pd@ineco.it;
GLAXOSMITHKLINE MANUFACTURING S.P.A.;AZIENDA;VIA FLEMING, 2;VERONA;521526111;federica.e.marenghi@gsk.com;
GLAXOSMITHKLINE MANUFACTURING S.P.A.;AZIENDA;VIA FLEMING, 2;VERONA;521526111;federica.e.marenghi@gsk.com;
GLAXOSMITHKLINE MANUFACTURING S.P.A.;AZIENDA;VIA FLEMING, 2;VERONA;521526111;federica.e.marenghi@gsk.com;
GLAXOSMITHKLINE MANUFACTURING S.P.A.;AZIENDA;VIA FLEMING, 2;VERONA;521526111;federica.e.marenghi@gsk.com;
LACHIVER SERVIZI S.R.L.;AZIENDA;VIA LEONCINO,10;VERONA;45800914;servizi@lachiver.com;
NOI VERONA;ASSOCIAZIONE;PIAZZA CARLO EDELE 21;GREZZANA;458538066;segreteria @noiverona.com;
NOI VERONA;ASSOCIAZIONE;PIAZZA CARLO EDELE 21;GREZZANA;458538066;segreteria @noiverona.com;
NOI VERONA;ASSOCIAZIONE;PIAZZA CARLO EDELE 21;GREZZANA;458538066;segreteria @noiverona.com;
CROCE VERDE PAV VERONA;AZIENDA;POLVERIERA VECCHIA,2;VERONA;45581675;;
DS SMITH PACKAGING ITALIA SPA;AZIENDA;VIALE PASUBIO,6;MILANO;456649711;daniele.moretto@dssmith.com;
MULTILOGISTICS SPA;AZIENDA;VIA F.FERMI,11;VERONA;45995169;sguardiano@multilogistics.net;
F.A.B.I. BANCARI ITALIANI;AZIENDA;VICOLO GHIAIA,5;VERONA;458006114;sab.vr@fabi.it;
LEPANTO 2 SRL;AZIENDA;VIA DOSDEGA',24;VILLAFRANCA DI VERONA;45513777;lepanto@lepanto.it;
VERONA DENTAL MAGAZINE SRL;AZIENDA;VIA PACINOTTI,17;VERONA;458213279;vrdentalmagazine@gmail.com;
VERONA DENTAL MAGAZINE SRL;AZIENDA;VIA PACINOTTI,17;VERONA;458213279;vrdentalmagazine@gmail.com;
DOUBLER SNC;AZIENDA;VIA MANTOVANA,91/D;VERONA;3933987063;;
IDEALCOPY SRL;AZIENDA;V.LE DELLA FIERA,6/B;VERONA;45504399;;
CAMON SPA;AZIENDA;VIA LUCIO COSENTINI 1;ALBAREDO D'ADIGE;456608511;camon@camon.it;
LESSINIAFOOD;AZIENDA;VIA S.ANTONIO,27;BOSCO CHIESANUOVA;3407673507;info@lessiniafood.it;
GEA IMAFORNI S.P.A.;AZIENDA;STRA',158;COLOGNOLA AI COLLI;456174711;nicola.piccoli@gea.com;
GEA IMAFORNI S.P.A.;AZIENDA;STRA',158;COLOGNOLA AI COLLI;456174711;nicola.piccoli@gea.com;
GEA IMAFORNI S.P.A.;AZIENDA;STRA',158;COLOGNOLA AI COLLI;456174711;nicola.piccoli@gea.com;
PROGETTO.STUDIO - ARCHITETTO TONEL FAUSTO;AZIENDA;VIA CARLO ALBERTO,32;BOVOLONE;3386950780;progetto.studio@hotmail.it;
ANDREA BURATO CONSULENZE INFORMATICHE;AZIENDA;VIA VALPOLICELLA,35;NEGRAR;3467229679;a.b@andreaburato.it;
CIESSE SPA;AZIENDA;VIA GIUSEPPE DI VITTORIO,66;RIGNANO SULL'ARNO;55696417;ciesse@ciesse-spa.it;
PIANETA LC SRL;AZIENDA;DANTE ALIGHIERI.2-I;POVEGLIANO VERONESE;458941100;lorenzoconvertinopubblicita@gmail.com;
ROBBI GROUP SRL;AZIENDA;VIA DELL'INDUSTRIA 7;VERONELLA;44247700;robbi@robbispa.com;
KSE SRL ELETTRONICA;AZIENDA;VIA DELL'INDUSTRIA 37/B;ALONTE;444834077;KSE@KSE.IT;
ALPEGO S.P.A.;AZIENDA;VIA GIOVANNI E GIUSEPPE CENZATO,9;LONIGO;444646100;  valeria.zanin@alpego.com;
DEVINTERFACE SRL;AZIENDA;PASSAGGIO NAPOLEONE,642/A;DOLCE';452220713;info@interface.com;
CENTRO FORMAZIONE EXTRA SCOLASTICA E CULTURALE IO COMPUTER;AZIENDA;VIA FINCATO,88;VERONA;3493444519;info@iocomputer@gmail.com;
TRACONF SRL;AZIENDA;VIA DELL'INDUSTRIA;SONA;456083111;info@trancof.it;
TRACONF SRL;AZIENDA;VIA DELL'INDUSTRIA;SONA;456083111;info@trancof.it;
TRACONF SRL;AZIENDA;VIA DELL'INDUSTRIA;SONA;456083111;info@trancof.it;
TEODORO SRL;AZIENDA;VIA R.SANZIO,1;CALDIERO;3470651281;teodorocostruzioni@gmail.com;
GIAROLA & VERONESI SNC;AZIENDA;VIA PROVINCIALE SUD, 5;BUTTAPIETRA;456661684;;
GIAROLA & VERONESI SNC;AZIENDA;VIA PROVINCIALE SUD, 5;BUTTAPIETRA;456661684;;
HASLERRAIL ITALIA SSRL;AZIENDA;VIALE POSTUMIA 58/C;VILLAFRANCA DI VERONA;456304558;lucia.campo@haslerrail.com;
BIOLO TRASPORTI SRL;AZIENDA;VIA DELL'IMPRENTITORE,7;BUTTAPIETRA;456661340;info@biolotrasporti.it;
NEN SRLS;AZIENDA;VICOLO STELLA,12;VERONA;3406616082;nensrls12@gmail.com;
OA POINT GROUP SRL;AZIENDA;VIA LIGURIA,78;SONA;458511370;amministrazione@oapointgroup.it;
I CON SRL;AZIENDA;VIA ALBERE,25;VERONA;458167711;info@iconservizi.com;
SELVATRANSPORT SRL;AZIENDA;VIA DELL'INDUSTRIA,8;SAN BONIFACIO;457612548;info@selvatransport.it;
LS SISTEMI DI VIDALI LUCIANO;AZIENDA;VIA ADDA 1/B;SAN GIOVANNI LUPATOTO;45500477;info@lssistemi.it;
CENIGOMMA SRL UNIPERSONALE;AZIENDA;STRADA DELL'ALPO,26;VERONA;458283711;personale.arroweld@arroweld.com;
ELETTRO 81 SRL;AZIENDA;VIA VENETO,7;SONA;456081199;info@elettro81.eu;
KSS ITALIA SRL;AZIENDA;P.ZZA KENNEDY,4;TREGNAGO;45650911;erika.anselmi@joysonsafety.com;
OMNI SNC DI VENTURI LUCIANO E C.;AZIENDA;VIA FLAVIO GIOIA,8;VERONA;458200217;;
CIRCOLO IPPICO PULE ASD;AZIENDA;VIA FILISSIME,17;PESCANTINA;3405782962;pule@libero.it;
OSPEDALE P.PEDERZOLI;AZIENDA;VIA MONTE BALDO,24;PESCHIERA DEL GARDA;456449111;amministrazione@ospedalepederzoli.it;
GHEREG RUSLAN;AZIENDA;VIA TOMBETTA,142/A;VERONA;3207772476;ruslan_gr2003@yahoo.com;
DONATONI MACCHINE SRL;AZIENDA;VIA NAPOLEONE,14;S.AMBROGIO VP;456862548;info@donatonimacchine.eu;
DONATONI MACCHINE SRL;AZIENDA;VIA NAPOLEONE,14;S.AMBROGIO VP;456862548;info@donatonimacchine.eu;
ISGROUP SRL;AZIENDA;VICOLO MIRACOLI,1;VERONA;454853232;francesco.ongaro@isgroup.it;
EIS SRL;AZIENDA;LARGO PERLAR,12;VERONA;458271611;giorgia.demartin@teameis.it;
DIMENSIONE BAGNO;AZIENDA;VIA CAPO DI SOTTO 102;CASALEONE;335125384;info@dimensione-bagno.it;
SINAPSI SAS DI RECCHIA MIRCO & C;AZIENDA;VIA G.GALILEI,2/A;CASTEL D'AZZANO;3927015088;amministrazione@sinapsisas.it;
EISMANN SIR;AZIENDA;MOLINA,18;SONA;457160211;laura.padovani@iesmann.com;
TEK SERVICE S.R.L.;AZIENDA;VIA PISACANE, 2/A;CASTEL D'AZZANO;45581031;tekservice@tekservice.it;
JUST ITALIA SPA;AZIENDA;VIA COLOGNE,12;GREZZANA;458658111;just@just.it;
MAXSTONE SRL;AZIENDA;VIA SOMMACAMPAGNA,63D/E;VERONA;456668051;maxstone@legalmail.it;
MAXSTONE SRL;AZIENDA;VIA SOMMACAMPAGNA,63D/E;VERONA;456668051;maxstone@legalmail.it;
GREEN CITY SOC.COOP;AZIENDA;VIA ENRICO FERMI,13/C;VERONA;3420226438;greencity@legalmail.it;
MTD SRL;AZIENDA;VIA VOLTA 2;PESCANTINA;457157266;info@mtdsrl.it;
MODELLERIA ADIGE;AZIENDA;VIA BASSONE,23;VERONA;458511423;modadige@libero.it;
VIP MOTORCYCLES SRL;AZIENDA;VIA DELL'AGRICOLTURA,3;SOMMACAMPAGNA;45510174;h-paradise@h-paradise.it;
BETTELLI STUDIO ASSOCIATO;AZIENDA;PIAZZA GARIBALDI 6/D;SAN MARTINO BUON ALBERGO;45990875;bettelli@studiobettelli.it;
CREACTIVES S.P.A.;AZIENDA;VIA E.FERMI 4;VERONA;456261357;serena.bevilacqua@creactives.com;
OFFICINA TECNOFRENO SRL;AZIENDA;VIA BRENNERO 101;SAN PIETRO IN CARIANO;457725271;tecnofreno@infinito.it;
VILLAFRUT SRL;AZIENDA;VIA VILLAFONTANA  253;OPPEANO;456998150;info@villafrut.it;
LUBTECH S.R.L.;AZIENDA;VIA MONDADORI, 38/40;VERONA;458921195;info@lubtech.it;
SIMECC SRL;AZIENDA;VIA FONTANELLE,24A/B;RONCO ALL'ADIGE;456600621;amministrazione@simecc.it;
16 TELEFONIA SAS;AZIENDA;VIA MANTOVANA,91/C;VERONA;456930482;16telefonia@gmail.com;
SERVICE MED SPA;AZIENDA;VIA DELL'AGRICOLTURA,38;BUSSOLENGO;456717441;info@servicemed.it;
IL POINT SRL;AZIENDA;VIALE DELL'INDISTRIA,13;VERONA;45580892;ilpointvr@ilpoint.it;
TORNERIA MECCANICA RONCONI GIUSEPPE;AZIENDA;VIA DELL'ARTIGIANATO,39/41;BOVOLONE;457103378;ronconi.giuseppe@libero.it;
OFFICINA TURCO TIZIANO;AZIENDA;VIA FABIO FILZI,101;ILLASI;457834046;;
GIESSE SCAMPOLI SR;AZIENDA;VIA ARCHIMEDE,7/9;NEGRAR;455714040;info@giessescampoli.com;
MAGAZZINI FRIGORIFERI SURGELO SRL;AZIENDA;LOCALITA' CAMPALTO,5/9;SAN MARTINO BUON ALBERGO;45990263;info@surgelo.com;
USI ITALIA SRL;AZIENDA;VIA DELLA METALLURGICA 14;VERONA;458510388;info@usiitalia.it;
STULZ SPA;AZIENDA;VIA TORRICELLI 3;VALEGGIO SUL MINCIO;456331600;nadia.perugini@stulz.it;
CANGRANDE SAS DI BRIGHENTI G & C;AZIENDA;STRADA DELLA GIARA 9/E;POIANO;458403336;agenzia@cangrandeauto.it;
B&C LAVORAZIONI INOX SAS;AZIENDA;VIA TICINO,11;S.GIOVANNI PUPATOTO;45546005;b.e.c.lavorazioni@alice.it;
AUTOTRASPORTI CORSI GIUSEPPE;AZIENDA;VIA CORSO 2, 37036;S.MARTINO B.A.;45990250;autotrasporticorsi@libero.it;
WINTRADE SRL;AZIENDA;C.SO S.ANASTASIA,11;VERONA;458002116;amministrazione@wintrade.it;
WINTRADE SRL;AZIENDA;C.SO S.ANASTASIA,11;VERONA;458002116;amministrazione@wintrade.it;
GIR.C.A. SRL;AZIENDA;VIA GARDESANA,143;BUSSOLENGO;456766186;;
BIROLLI F & C SNC;AZIENDA;VIA GIAROLA,1;SONA;45891082;lorenzobirolli@alice.it;
BLUE DISTRIBUTION SRL;AZIENDA;VIA LOCATELLI;VERONA;;claudia@bluedistribution.com;
KEY ACCESS SRL;AZIENDA;VIA MARCONI 14,;AFFI;456203200;righetti.si@hyphen-italia.com;
KEY ACCESS SRL;AZIENDA;VIA MARCONI 14,;AFFI;456203200;righetti.si@hyphen-italia.com;
AUTECHNO SAS;AZIENDA;VIA A.POIANI 8;VILLAFRANCA DI VERONA;45512712;info@autechno.it;
LOGISTICA UNO EUROPE SRL;AZIENDA;VIA CONFIGLIACHI 41/D;ABANO TERME;456767077;logisticauno@pec.it;
SIDERGAS SPA;AZIENDA;VIALE RIMENBRANZA 17;S.AMBROGIO DI VALPOLICELLA ;456862044;;
MAN TRUCK & BUS ITALIA SPA;AZIENDA;VIA MONTE BALDO;DOSSOBUONO DI VILLAFRANCA ;458299646;elisa.disalvo@man.eu;
STUDIO RAG.PAOLO VALLICELLA;SCUOLA;PIAZZA LIBERO VINCO,18;VERONA;458400616;vallicellapaolo@libero.it;
CASSIANI TECNOLOGIE SRL;AZIENDA;VIA STAZIONE,128/B;CASTELNUOVO DEL GARDA;456081625;amministrazione@cassianitecnologie.it;
GIACOMELLI SRL;AZIENDA;VIA TEVERE,4/A;SONA;458681097;info@giacomellisrl.com;
PROSYSTEM SRL;AZIENDA;VIA STAFFALI,19;DOSSOBUONO;458600074;p.bortolazzi@prosystem-packaging.com;
V.G.V. SRL;AZIENDA;VIA ISORELLA,49;CALVISANO;309934010;info@vgvsrl.com;
AGRISERVICE 2016 SRL;AZIENDA;VIA DELL'INDUSTRIA,33;SOMMACAMPAGNA;45515188;commerciale@agriservice2016.it;
W-T-S  SRL;AZIENDA;VIA ALDO MORO;POVEGLIANO VERONESE;456351426;info@w-t-s.it;
FRA IVA SNC;AZIENDA;VIA STRA' 164/7;COLOGNOLA AI COLLI;456152480;;
FRONIUS ITALIA SRL;AZIENDA;VIA DELL'AGRICOLTURA,46;BUSSOLENGO;456763801;pv-amministrazione-italy@fronius.com;
VIVIANI SRL;AZIENDA;VIA TIONE 9,;PASTRENGO;456770334;ristorante@pescherieviviani.com;
UNIVERSITA' DEGLI STUDI DI VERONA;UNIVERSITÀ;STRADA DELLE GRAZIE 15;VERONA;458027071;segreteria.di@ateneo.univr.it ;
UNIVERSITA' DEGLI STUDI DI VERONA;UNIVERSITÀ;STRADA DELLE GRAZIE 15;VERONA;458027071;segreteria.di@ateneo.univr.it ;
UNIVERSITA' DEGLI STUDI DI VERONA;UNIVERSITÀ;STRADA DELLE GRAZIE 15;VERONA;458027071;segreteria.di@ateneo.univr.it ;
UNIVERSITA' DEGLI STUDI DI VERONA;UNIVERSITÀ;STRADA DELLE GRAZIE 15;VERONA;458027071;segreteria.di@ateneo.univr.it ;
AVV.MIRKO ZAMBALDO;AZIENDA;STRA.NE PORTA PALIO,68;VERONA;458030278;studio.legale@zamik.it;
TOSCOVENETA IMPIANTI SNC DI ROMAGNOLI;AZIENDA;VIA MONTE SABOTINO.26;BUSSOLENGO;457157958;amministrazione@toscaveneta.it;
PIZZEGHELLA STEVAN SRL;AZIENDA;VIA E.FERMI,9;PESCANTINA;456750078;info@stevanelevatori.it;
CSLAB DI CHIARA FRANCESCA STORTI;AZIENDA;VIA RAGAZZIDEL 99,1;RECOARO TERME;3475731687;info@chiarastorti.it;
VUESSE S.R.L.;AZIENDA;VIA E.TORRICELLI,15/B;VERONA;45581400;vuessesnc@vuessecassaforti.it;
NEUFRA SPEDIZIONI SRL;AZIENDA;VIA CA'NOVA ZAMPIERI 4E;SAN GIOVANNI LUPATOTO;458774111;verona@neufra.it;
NEUFRA SPEDIZIONI SRL;AZIENDA;VIA CA'NOVA ZAMPIERI 4E;SAN GIOVANNI LUPATOTO;458774111;verona@neufra.it;
GRUPPO MANARA S.P.A.;AZIENDA;VIA CADALORA 62;OPPEANO;;leonora.pelizzaro@gruppomanara.com;
GRUPPO MANARA S.P.A.;AZIENDA;VIA CADALORA 62;OPPEANO;;leonora.pelizzaro@gruppomanara.com;
MONDIALTRANS SRL;AZIENDA;SOGARE,5;VERONA;458102154;mondialtrans@tin.it;
GRUPPO VOLTA SRL;AZIENDA;VIA BUSSOLENGO,8;SOMMACAMPAGNA;45515265;info@gruppovolta.it;
ROBERTO QUATTRINA SRL;AZIENDA;VIA MONTE PASTELLO,14/A;SAN GIOVANNI LUPATOTO;459251252;amm@robertoquattrina.com;
M.G.IMPIANTI DI MANI GRAZIANO;AZIENDA;VIA ZORZI,7;VERONA;3470314182;gectosco@alice.it;
ITC SRL;AZIENDA;VIA E.TORRICELLI 59/61;VERONA;458620872;sonia@itc-verona.com;
UNIMEC SRL;AZIENDA;VIA G.PUCCINI 9;SAN MARTINO BUON ALBERGO;458780620;;
A.A. AUTOMATISMI ANTIFURTI SRL;AZIENDA;VIA ADAMELLO 12/B;SAN MARTINO BUON ALBERGO;45992338;info@aaverona.it;
EDS ELECTRONIC DETECTION SYSTEMS;AZIENDA;VIA CA' NOVA ZAMPIERI, 6;SAN GIOVANNI LUPATOTO;45547529;;
RIGHETTI RIDOLFI SPA;AZIENDA;VIA SAN QUIRICO 9;SONA;456080950;;
RIGHETTI RIDOLFI SPA;AZIENDA;VIA SAN QUIRICO 9;SONA;456080950;;
CALIBER SRL;AZIENDA;VIA DEL LAVORO 9/A;VIGASIO;457364614;info@calibersrl.it;
DARWINNET SRL;AZIENDA;VIA VALPOLICELLA 229;SANT'AMBROGIO DI VALPOLICELLA;456888508;michele.morando@darwinnet.it;
ATIMAR SAS;AZIENDA;VIA CARDUCCI,38;SETTIMO MILANESE;23286111;;
MARANA FORNI;AZIENDA;VIA TURBINA,98;VERONA;456704503;info@maranaforni.it;
I.T.O.  S.R.L.;AZIENDA;VIA FLAVIO GIOIA 39/A;VERONA;452089103;;
S4WEB DI SCIMEMI A. E ZANETTI L. SNC;AZIENDA;VIA VASCO DE GAMA,8;BARDOLINO;3476225205;info@s4web.it;
S4WEB DI SCIMEMI A. E ZANETTI L. SNC;AZIENDA;VIA VASCO DE GAMA,8;BARDOLINO;3476225205;info@s4web.it;
OLIP ITALIA S.P.A.;AZIENDA;VIA CONFINE, 13;LAZISE;456463111;giampietro.dallevedove@olip.it;
TECNOVAP S.R.L.;AZIENDA;VIA DEI SASSI 1/A;PESCANTINA;456767252;amministrazione@tecnovap.com;
TECNOVAP S.R.L.;AZIENDA;VIA DEI SASSI 1/A;PESCANTINA;456767252;amministrazione@tecnovap.com;
COOP. SERVICE SOCIETA' COOPERATIVA;AZIENDA;VIA NAPOLEONICA,7;REZZATO;302594360;info@coopservice.info;
INNOVAGROUP STABILIMENTO DI ERBE' SRL;AZIENDA;VIA DELLA LIBERTA',6;ERBE';458961620;erbe@innovagroup.it;
IMPRESA BERNARDI CHRISTIAN;AZIENDA;VIA RAGAZZI DEL'99,16;SAN GIOVANNI LUPATOTO;3451422546;costruzioni.bernardi@gmail.com;
TX LOGISTIK AG;AZIENDA;PIAZZA WALTHER,22;BOLZANO;458624614;s.avesani@txlogistik.eu;
AMIA - AZIENDA MULTISERVIZI DI IGIENE AMBIENTALE DI VERONA;AZIENDA;VIA BARTOLOMEO AVESANI 31;VERONA;458063459;amia.verona@amiavr.it;
VOLLMER WERKE MASCHINENFABRIK;AZIENDA;VIA EHINGER 34;BIBERACH;4,97E+11;s.moll@vollmer-group.com;
A.T.M. SAS DI AIANI CLAUDIO & C.;AZIENDA;VIA CA'BALOTTA,1;AFFI;457280255;info@atmsas.com;
CARRARO NICOLA;AZIENDA;VIA DEGLI OLMI,22;LAZISE;3482724237;carrarocaldaie@gmail.com;
COLORIFICIO A E B CASATI SPA;AZIENDA;VIA VALPANTENA 59/B;VERONA;45550244;federico.disola@casati.it;
ANTICA TRATTORIA DA BEPI SNC;AZIENDA;VIA VALPOLICELLA;MARANO DI VALPOLICELLA;457755001;vitozardini@gmail.com;
CASAESPORT DI LAURA BELTRAME;AZIENDA;VIA GEN.CHINOTTO 9D;VERONA;458350728;info@casaesport.it;
ACCENTURE S.P.A.;AZIENDA;VIA MAURIZIO QUADRO, 17;MILANO;;francesca.bianchi@accenture.com;
STUDIUM GROUP SRL;AZIENDA;VIALE DEL COMMERCIO 47;VERONA;458761700;monica.bombieri@studium.it;
STV STUDIO ASSOCIATO;AZIENDA;CIRCOVALLAZIONE BRAN  828/5;CAPRINO VERONESE;456260677;;
FORNACE S.R.L.;AZIENDA;VIA ISONZO ,11;VERONA;456800977;info@fornacestudio.com;
FORNACE S.R.L.;AZIENDA;VIA ISONZO ,11;VERONA;456800977;info@fornacestudio.com;
FLAEM NUOVA SPA;AZIENDA;VIA COLLI STORICI,22;DESENZANO DEL GARDA;309910168;lorella.abate@flaemnuova.it;
LAVASTIR-LEONCINOAIR SRL;AZIENDA;VIA ALTICHIERO 37;ZEVIO;457850393;info@leoncinoair.com;
TMB SRL;AZIENDA;VIA CA'NOVA ZAMPIERI ,5;SAN GIOVANNI LUPATOTO;458774299;tmb@tmbvac.it;
TMB SRL;AZIENDA;VIA CA'NOVA ZAMPIERI ,5;SAN GIOVANNI LUPATOTO;458774299;tmb@tmbvac.it;
TMB SRL;AZIENDA;VIA CA'NOVA ZAMPIERI ,5;SAN GIOVANNI LUPATOTO;458774299;tmb@tmbvac.it;
MOTOR SERVICE SAS DI CARMINE MUTO & C.;AZIENDA;VIA EMILIA 16;SONA;456700685;;
LAMBROCCHI ANDREA;AZIENDA;VILLAGGIO ALBARE' 10;FERRARA DI MONTE BALDO;3402959954;andrealambrocchi@gmail.com;
CONSORZIO ZAILOG;AZIENDA;VIA SOMMACAMPAGNA 61;VERONA;458082186;info@zailog.it;
PLAY GAMES SNC;AZIENDA;LARGO SALVO D'ACQUISTO 24;BUSSOLENGO;3394254819;;
GEVA SRL;AZIENDA;VIA DELL'ARTIGIANATO,16;SONA;456095196;amministrazione@geva-srl.it;
GEVA SRL;AZIENDA;VIA DELL'ARTIGIANATO,16;SONA;456095196;amministrazione@geva-srl.it;
ASD NOI LA SORGENTE;AZIENDA;VIA DEL QUADRATO 2;VERONA;3357325495;segreteria@asdnoisorgente.it;
COMBICARGO SRL;AZIENDA;VIA GIOVANNI DELLA CASA 19;VERONA;455117223;direzione@combicargosrl.com;
GEKO VIAGGI DI GES.CO SRL;AZIENDA;STRADA LANGHIRANO 36;PARMA;4,41E+11;gruppi@gekoviaggi.it;
IPSEOA A.BERTI;SCUOLA;VIA A.BERARDI 51;VERONA;45569443;vrrh02000x@istruzione.it;
PERLATI MARCELLINO;AZIENDA;VIA PINDEMONTE 4;SANMARTINO BUON ALBERGO;3475422554;m.perlati@libero.it;
ULTRASTUDIO;AZIENDA;VIA GALILEO GALILEI 4;CASTEL D'AZZANO;3922373843;info@ultrastudio.pro;
EDILE SRL;AZIENDA;VIA GARIBALDI 5/4;S.GIOVANNI LUPATOTO ;458750987;edilesgl@alice.it;
ELETTRICA SCALIGERA SAS;AZIENDA;VIA C.BELVIGLIERI 46;VERONA;458402821;info@elettronicascaligera.it;
ADAMI TECNICA BILIARDI SRL;AZIENDA;VIA LAZZARETTO 83/A;VERONA;45528169;adamibiliardi@adamibiliardi.com;
ELECTRIC LABS SRL;AZIENDA;VIA DELL'INDUSTRIA 1/3;CASTELNUOVO DEL GARDA;3403951858;info@eletriclabs.it;
ASS.BANCO ALIMENTARE DELVENETO ONLUS;AZIENDA;VIA E.TORRICELLI 18;VERONA;45847929;info@veneto.bancoalimentare.it;
SYATEC SRL;AZIENDA;VIA DELL'ARTIGIANATO,10;NOGAROLE ROCCA;457952342;info@syatec.it;
SYATEC SRL;AZIENDA;VIA DELL'ARTIGIANATO,10;NOGAROLE ROCCA;457952342;info@syatec.it;
ELETTRICALAN DI DI CAPRIO A.;AZIENDA;VIA RAIMONDO VIANELLO,79;PESCHIERA DEL GARDA;3334653102;elettricalan.alan@gmail.com;
AMBROSI IMPIANTI SNC;AZIENDA;VIA DON GIOVANNI VERONESE 10;ERBE';457325067;anbrosi-impianti@ambrosi-impianti.it;
RFI RETE FERROVIARIA ITALIANA;AZIENDA;PIAZZA DELLA CROCE ROSSA 1;ROMA;;;
BIOMEDICALE SRL;AZIENDA;VIALE ANDREA DORIA 17;MILANO;2976791;HR@BIOMEDICALE.BIO;
AVV.FRANCESCA PASETTO;AZIENDA;VIA DELLE PIEVE 63;S.PIETRO INCARIANO;3282129760;;
GIADA3 SRL;AZIENDA;VIA DEI CASTAGNI 42;BOSCO CHIESANUOVA;45995410;info@zaniniadv.it;
MOTOMAXI SNC;AZIENDA;VIA BRENNERO 74;PESCANTINA;3283058093;info@motomaxi .it;
EUROGROUP ITALIA SRL;AZIENDA;VIA TOLOMEO;VERONA;458630561;raffaellabianconi@eurogroupitalia.it;
ALBA TECNOLOGY SOC COOP;AZIENDA;VIALE DEL LAVORO 21;VERONA;455112022;albatecnology@legalmail.it;
PERINA GIANCARLO SRL;AZIENDA;VIA CHIODA 177;VERONA;458601326;perina.giancarlo@gmail.com;
PERINA GIANCARLO SRL;AZIENDA;VIA CHIODA 177;VERONA;458601326;perina.giancarlo@gmail.com;
BENBOLTS DI BENCINI SRL;AZIENDA;VIA TORRICELLI 3/A;VERONA;458202822;info@benbocts.it;
VULCANIA SYSTEM SRL;AZIENDA;VIA UGO ZANNONI 8;VERONA;45506015;amministrazione@vulcaniasystem.it;
DELLAS SPA;AZIENDA;PEMISA 12;GREZZANA;458801522;;
FULCRO SRL UNIPERSONALE;AZIENDA;VIALE BRENNERO 27;VERONA;458890026;info@fulcro.net;
MOTOSCOOTER SERVICE DI TACCONI S.;AZIENDA;VIA BOSCO 25/A;SONA;453194018;Motoscooter.service@gmail.com;
OFFICINA PICCOLI SPA;AZIENDA;VIA E.FERMI,21;VERONA;45504895;amministrazione@officinepiccoli.it;
ZAMBONI TRANSERVICE SRL;AZIENDA;VI A CIRIGHELLI,22;VIGASIO;457363724;info@zambonitranservice.it;
ZAMBONI TRANSERVICE SRL;AZIENDA;VI A CIRIGHELLI,22;VIGASIO;457363724;info@zambonitranservice.it;
MARKIES SRL;AZIENDA;VIA ZAPPO 16;LAZISE;456471060;info@palazzodellascala.com;
ESSEAELLE SRL;AZIENDA;VIA UGO FOSCOLO 32;VERONA;458751286;gazacca@gmail.com;
ELECTRIC GROUP SAS;AZIENDA;VIA F.DE PINEDO 31/A;VERONA;45563175;amministrazione@electricgroup.it;
SEMPRE VERDE SNC DI PIAZZI ANTONIO E FILIPPO;AZIENDA;VIA DOSDEGA' 16;VILLAFRANCA DI VERONA;45987191;sempreverdealpo@gmail.com;
COMITATO BENEFICO SOMMAVIVA;AZIENDA;VIA CROCETTA 1C;SOMMACAMPAGNA;3496123034;sommaviva@libero.it;
YASHI ITALIA SRL;AZIENDA;VIA FLEMING 2;PESCANTINA;456766909;financial@yashiweb.com;
B.F. AUTOMATION SRL;AZIENDA;V.LE DEL PROGRESSO;BELFIORE;456100928;info@bfautomation.it;
SMART SOLUTIONS SRL;AZIENDA;VIA BETTELONI 4;BUSSOLENGO;459582377;ammimistrazione@smartsolution.srl;
FUGA ING.FEDERICO;AZIENDA;VIA BUTTURINI 9;VERONA;3283067431;fuga@studiofuga.com;
HWG SRL;AZIENDA;VIALE DEL LAVORO 11;VERONA;454932800;info@hwg.it;
MONDAL SRL;AZIENDA;VIA LANIFICIO 84;MONTORIO V.SE ;458840830;barbara@mondal.it;
MAYA IDEE SRL;AZIENDA;VIA SAVAL 25;VERONA;458305000;tatiana.orlandi@mayaidee.it;
COOPERATIVA SOCIALE GALILEO SCARL;COOPERATIVA;VIA BRAMANTE 15;VERONA;45577444;csgalileo@csgalileo.org;
CUSIMANO GIUSEPPE;AZIENDA;PIAZZA VITTORIO EMANUELE 12;MONREALE;916402582;elettronica.cusimano@live.it;
AMBROSI MATTEO;AZIENDA;VIALE DELL'INDUSTRIA;VERONA;3488561640;matteoambrosi@tiscali.it;
MASSA SAS;AZIENDA;VIA S.MATTEO 145;SOAVE;457681611;info@massa1904.com;
ARCHITETTO QUIRINALI GIAMPAOLO;AZIENDA;VIA GARIBALDI 48;BOVOLONE;456901354;studioquirinali@gmail.com;
LUX METAL SRL;AZIENDA;LOCALITA' RITONDA 70;SAN BONIFACIO;3273404562;alybaba@hotmail.it;
BOSCAINI SCARPE SRL;AZIENDA;VIA MOLINARA 7;SONA;456080332;;
ITALSPEEDY LOGISTIC SRL;AZIENDA;VIA VITTORIO VENETO;NOGAROLE ROCCA;457920407;;
ITALSPEEDY LOGISTIC SRL;AZIENDA;VIA VITTORIO VENETO;NOGAROLE ROCCA;457920407;;
DA.CA.BO. ANTINCENTIO SAS;AZIENDA;VIA MONTI LESSINI 1;SAN GIOVANNI LUPATOTO;458753071;dallavecchia@hotmail.it;
ORODENT SRL;AZIENDA;MARIA GAETANI AGNESI,8;CASTELNUOVO DEL GARDA;456450635;info@orodent.com;
ADD VALUE S.P.A.;AZIENDA;VIA PACINOTTI, 28;VERONA;458282711;daniela.sarigu@addvalue.it;
ADD VALUE S.P.A.;AZIENDA;VIA PACINOTTI, 28;VERONA;458282711;daniela.sarigu@addvalue.it;
ADD VALUE S.P.A.;AZIENDA;VIA PACINOTTI, 28;VERONA;458282711;daniela.sarigu@addvalue.it;
A VARITT SRL;AZIENDA;VIA DELLA PIOVOLA ,138;EMPOLI;3485991723;;
PANASONIC ELECTRIC WORKS ITALIA SRL;AZIENDA;COMMERCIO 3;BUSSOLENGO;;;
MTA SPA;AZIENDA;VIALE DELL'INDUSTRIA 12;CODOGNO;0522/1827202;www.mta.it;
PALUANI SPA;AZIENDA;VIA DELL'ATIGIANATO 18;DOSSOBUONO;458614411;info@paluani.it;
ESSEGI SRL;AZIENDA;VIA DELL'INDUSTRIA,8;CASTELNUOVO DEL GARDA;456450351;ufficio@essegiconfezioni.it;
FELTRE TRASLOCHI DI NEGRETTI SRL;AZIENDA;VIA TORRICELLI,17;VERONA;45567288;info@feltretraslochi.it;
PITTAROSSO SPA;AZIENDA;VIA DELL'INDUSTRIA 16;LEGNARO;498831111;ufficio.personale@pittarosso.com;
PROVINCIA DI VERONA;ENTE PUBBLICO;VIA DELLE FRANCESCHINE,10;VERONA;459288386;;
BRUNELLI ROBERTA VIAGGI;AZIENDA;DANZIA 1B;AFFI;457235431;roberta@robertaviaggi.com;
RCE VERONA SRL;AZIENDA;CORSO MILANO 5;VERONA;458009804;verona@rcefoto.it;
RCE VERONA SRL;AZIENDA;CORSO MILANO 5;VERONA;458009804;verona@rcefoto.it;
HIKARI SRL;AZIENDA;VIA MIRANDOLA 37A;PESCANTINA;458018058;amministrazione@hikavi.eu;
KANTAR MEDIA SRL;AZIENDA;VIA DOMINUTTI 20,;VERONA;458200826;mauro.stoico@kantarmedia.com;
NETSYSCO SRL;AZIENDA;VIA G.CAMPOSTRINI 50;SAN PIETRO IN CARIANO;456838352;amministrazione@netsysco.net;
NETSYSCO SRL;AZIENDA;VIA G.CAMPOSTRINI 50;SAN PIETRO IN CARIANO;456838352;amministrazione@netsysco.net;
MEQUADRO DI EMANUELE MAZZI;AZIENDA;VIALE DEL LAVORO 15/H;SAN MARTINO BUON ALBERGO;458781546;;
UNIVERSITA' DEL TEMPO LIBERO DI NEGRAR (UTL);AZIENDA;VIA CHIESA DI S.MARIA;NEGRAR;34505789045;amministrazione@utlnegrar.com;
HOTEL BORGHETTI;AZIENDA;VIA VALPOLICELLA,47;VERONA;45941045;info@hotelborghetti.com;
STT SERVICE TELEMATICI TELEFONICI SRL;AZIENDA;VIA N.SAURO 82;SEREGNO;458124000;info@aovr.veneto.it;
STT SERVICE TELEMATICI TELEFONICI SRL;AZIENDA;VIA N.SAURO 82;SEREGNO;458124000;info@aovr.veneto.it;
AZIENDA VINICOLA FARINA SRL;AZIENDA;VIA BOLLA 11;S.PIETRO INCARIANO;457701349;info@farinawines .com;
AVV.ALBERTO POGGI;AZIENDA;VICOLO GHIAIA,7;VERONA;458065183;segreteria@lpsavvocati.com;
CORPO BANDISTICO COMUNE DI NEGRAR;ASSOCIAZIONE;VIA FRANCIA,4;NEGRAR;3474609538;info@bandanegrar.it;
ELECTRO BS BY HACHKEL SABER;AZIENDA;VIA GALILEO GALILEI,9;CASTEL D'AZZANO;452214703;info@electro-bs.com;
FEREXPERT SPA;AZIENDA;VIA BRINI 2;BOLOGNA;;m.panzacchi@ferexpert.it;
BRUNO SRL;AZIENDA;VIA LINO LOVO 62;OPPEANO;459693922;info@brunosrl.net;
RZ IMPIANTI DI RENATO ZAMBONI;AZIENDA;VIA S.ROCCO 10/C;VERONA;3497529048;renato.zamboni@alice.it;
DO DIFFERENT SRL;AZIENDA;VIA ALBERTO DOMINUTTI 20;VERONA;458538775;hr@dodifferent.it;
SUPERMERCATI GRISI S.R.L.;AZIENDA;CALDIERO;CALDIERO;45765066;raffaella.grisi@supergrisi.it;
ABC...STUDI SRL;AZIENDA;VIA PONTE FLORIO 70/D;VERONA;458868129;LPOLLINI@ABCSTUDI.COM;
TECNOLUX SRL;AZIENDA;VIA DEL LAVORO 12;TREVENZUOLO;457350757;info@lux-oil.it;
RAVENHEAT INTERNATIONAL SRL;AZIENDA;VIA DELL'AGRICOLTURA ,50;ZEVIO;456051578;info@ravenheat.it;
MIGROSS SPA;AZIENDA;VIA PIETRO VASSANELLI, 21;BUSSOLENGO;456717696;Silvia.garonzi@migross.it;
MIGROSS SPA;AZIENDA;VIA PIETRO VASSANELLI, 21;BUSSOLENGO;456717696;Silvia.garonzi@migross.it;
METANAUTO GROUP SRL;AZIENDA;VIA A.POERIO 13/E;VERONA;458303412;info@metanautogroup.it;
FARMACIA ALL'ALBARO;AZIENDA;PIAZZALE BUCCARI 3;VERONA;45557037;farmacia.allalbaro@gmail.com;
INNOTEC TECNOLOGIE INNOVATIVE S.R.L.;AZIENDA;VIA ENRICO FERMI,   13/C;VERONA;458753072;sales@innotecitalia.it;
LESO ELETTRODOMESTICI  SRL;AZIENDA;VIA SEGORTE, 3/B - FR POIANO;VERONA;45551503;silvio@leso.it;
LESO ELETTRODOMESTICI  SRL;AZIENDA;VIA SEGORTE, 3/B - FR POIANO;VERONA;45551503;silvio@leso.it;
DOTT.LAURA DI PALMA;AZIENDA;VIA ENZO FERRARI,58;CASTELNUOVO DEL GARDA;;;
M.S.C.   S.R.L.;AZIENDA;VIA A.MILANI 5/A;VERONA;454735687;n.moni@mediarete.it;
STEEL & GRAPHICS SRL;AZIENDA;VIA CA'NOVO ZAMPIERI 4/E;SAN GIOVANNI LUPATOTO;458778577;amministrazione@steel-graphics.com;
TECNO P.A. SRL;AZIENDA;VIA G.CABOTO,16;SAN MARTINO BUON ALBERGO;458799196;info@tecno-pa.it;
GEWIN SRL;AZIENDA;VIA SARDEGNA 1F;VERONA;458904253;info@gewin-informatica.com;
DIEMME DI MELDO DANIELE;AZIENDA;VIA DON GERMANO MALACCHINI,8/D;SOMMACAMPAGNA;3475359656;info@diemmeimpianti.com;
CERPELLONI  S.R.L.;AZIENDA;VIA UNITA' D'ITALIA 274/C;VERONA;45532612;info@cerpelloni.com;
EXPERT SRL;AZIENDA;VIA DELL'ARTIGIANATO,38;SAN MARTINO BUON ALBERGO;45992099;expert-srl@pec.it;
GUGLIELMI MOBILI SNC;AZIENDA;VIA CITTADELLA 4;RONCO ALL'ADIGE;457020146;guglielmi_mobili@libero.it;
ECONOMICS LIVING LAB;ASSOCIAZIONE;CORSO CAVOUR 76;ZEVIO;3473201905;info@econlivlab.eu;
ECONOMICS LIVING LAB;ASSOCIAZIONE;CORSO CAVOUR 76;ZEVIO;3473201905;info@econlivlab.eu;
DAL CORSO IVO  (DITTA INDIVIDUALE );AZIENDA;VIA U.BOMBIERI 18/BIS;GREZZANA;3482712838;info@dalcorsoivo.it;
MANZATO CLAUDIO;AZIENDA;VIA S.ACQUISTO 5;SANT'AMBROGIO DI VALPOLICELLA;3494755094;manzato@c-point.it;
ALOISI ANDREA;AZIENDA;VIA DEGLI ALPINI 3;SOMMACAMPAGNA;3487650469;andrea.aloisi.94@alice.it;
MYONE SAS;AZIENDA;VIA DELL'AGRICOLTURA 2A;BUSSOLENGO;456766995;amministrazione@my-one.it;
SYNETHIK ENGINEERING SRL;AZIENDA;VIA EVANGELISTA TORRICELLI 37;VERONA;458205681;synethik@synethik.com;
LEONI IMPIANTI SRL;AZIENDA;VIA DEL COMMERCIO 9A;SOMMACAMPAGNA;45515011;info@leonimpianti.it;
SELVA SRL;AZIENDA;VIA INNSBRUCK 23;BOLZANO;456999111;selva@selva.com;
RED DI DONATELLI NICOLA;AZIENDA;VIA ANGELO MESSEDAGLIA, 253;VILLAFRANCA DI VERONA;457901340;;
VERONESI HOLDING SPA;AZIENDA;VIA VALPANTENA 18/G;VERONA;458097718;silvia.nicodemo@veronesi.it;
REWAL S.N.C. DI MILANI E REGGIANI;AZIENDA;VIA L. DA VINCI, 5/C;ARBIZZANO;457514944;inforewal@rewal.it;
TECNAUTO DI FASOLI FLAMINIO;AZIENDA;VIA G.CABOTO 1A;VERONA;458103628;;
STUDIO BUTTAPIETRA SAS;AZIENDA;PIAZZA ROMA 25;BUTTAPIETRA;456661665;;
SLAM LAVORI AEREI SRL;AZIENDA;AEROPORTO CAPODICHINO; NAPOLI;815844319;info@slamair.eu;
BISSOLI F.LLI SRL;AZIENDA;QUAIOTTO , 108;OPPEANO;457130122;info@bissolicarrozzeria.it;
EUROELETTRA DI BRANDIELE LUCA;AZIENDA;VIA PERAZZOLO 12;MONTEFORTE D'ALPONE;3386849420;euroelettra.impianti@alice.it;
ARDUINI E NERBOLDI SRL;AZIENDA;VIA DELLA MECCANICA 32;VERONA;458515450;;
FOREASYTECH SRL;AZIENDA;VIA W.FLEMING 11;PESCANTINA;457860205;info@4easytech.com;
DIGITAL NETWORK S.R.L.;AZIENDA;VIA MONTE TOMBA, 6 - VERONA;VERONA;458701030;info@digitalnetwork.it;
TECMAUT S.R.L.;AZIENDA;VIA STAFFALI, 17/B;VILLAFRANCA DI VERONA - DOSSOBUONO;458600240;tecmaut@tecmaut.it;
NAUTICA MARE SRL;AZIENDA;VIA VERONA 15;CALDIERO;457650168;sales@nauticamare.it;
ELISSE INFORMATICA DI FLAVIO GIONGO & C. SAS;AZIENDA;VIA ZENI 8;ROVERETO;464443322;info@elisse.it;
TELEPHONE HOUSE SNC;AZIENDA;VIA UNGHERIA 6;ILLASI;458781119;info@telephonehouse.it;
ALBI DI ALBI GIUSEPPE;AZIENDA;VIALE DEL LAVORO 17;SAN MARTINO BUON ALBERGO;;albi@albi.it;
ASD FOOTBALL FOR FUN;AZIENDA;VIA CHIODA 38;VERONA;3490065685;gasfabio@yahoo.it;
HT IMPIANTI DI BISSOLI MASSIMILIANO;AZIENDA;VIA PASSO DI NAPOLEONE 650;DOLCE';456861720;info@bissoliimpianti.it;
VESTINVOGA SRL;AZIENDA;VIA DEGLI IMPRENDITORI,67;VALEGGIO SUL MINCIO;;amministrazione@vestinvoga.com;
GIEFFE DI GOBETTI FABRIZIO;AZIENDA;VIA BELTRAMINI 27;ZEVIO;3406620918;;
NARDI ELETTRONICA  SRL;AZIENDA;STRADA DELLA SELVA 83;SAN BONIFACIO;457660663;nardielettronic@nardielettronic.com;
BDX SOUND PRODUCTS DI GIANNINI CARLO;AZIENDA;VIA VAGO 3;CALDIERO;45982006;info@bdxsound.com;
ZWOLF SAS DI LAGO KATIA & C.;AZIENDA;VIA BRUNORO DELLA SCALA  24;VERONA;457117379;info@zwolf.it;
PICCOLA FRATERNITA' LESSINIA ONLUS;AZIENDA;VIA DON A.SQUARANTI,20;BOSCO CHIESANUOVA;457050706;info@pflessinia.it;
BEDONI SRL;AZIENDA;VIALE DELL'INDUSTRIA 38;VERONA;458230133;mirkobedoni@studiobedoni.it;
MORI ANGELO & C.SAS;AZIENDA;VIA ANDREA DORIA 4/A;SOMMACAMPAGNA;458961144;info@moriangeloimpianti.it;
MOTO FRANCHINI SAS;AZIENDA;VIALE EUROPA 4;NEGRAR;457500215;info@motofranchini.com;
ELECTRO ENERGY SRL;AZIENDA;VIA DELL'INDUSTRIA ,6;VIGASIO;456698119;electroenergy@libero.it;
ERMES SRL;AZIENDA;C.SO C.BATTISTI, 33;ILLASI;45991245;alessia@ermes-vr.it;
FINCONS SPA;AZIENDA;CORSO MAGENTA 56;MILANO;458799299;michele.moretti@finconsgroup.com;
COMUNE DI BOVOLONE;ENTE PUBBLICO;PIAZZA SCIPIONI, 1;BOVOLONE;456995111;amministrazione@bovolone.net;
CICE CENTRO ITALO-IRANIANO DI COOPERAZIONE CULTURALE ED ECONOMICA;AZIENDA;STRADA LA RIZZA 59F;VERONA;45584380;italia@cice.eu;
GENERAL DIES SRL;AZIENDA;VIA STRA'182;COLOGNOLA AI COLLI;457650600;info@generaldies.com;
AERRE SISTEMI ELETTRONICI;AZIENDA;VIA PASQUE VERONESI;CASTELNUOVO DEL GARDA;3281334489;;
AZIENDA AGRICOLA POGGI GIORGIO;AZIENDA;VIA POGGI 7;AFFI;457236222;cantinepoggi8@gmail.com;
ABRASIVI ADRIA SRL;AZIENDA;VIA DELL'INDUSTRIA,63;SANT'AMBROGIO DI VALPOLICELLA;456864601;info@abrasiviadria.com;
POLYTECH S.R.L.;AZIENDA;VIA G.GALILEI 10,;BOLZANO;457238028;info@peri-polytech.com;
PASTIFICIO AVESANI;AZIENDA;VIA ANDROMEDA,11;BUSSOLENGO;3404694625;valentina.avesani@avesani.com;
GIORGI BARBARA;AZIENDA;VIA DON.BERTONI;SAN PIETRO IN CARIANO;3483556734;barbaragiorgia.azienda@gmail.com;
TRIPLA C SRL;AZIENDA;VIA GIUSEPPE LUSSANA,3;SAN BONIFACIO;457660220;amministrazione@triplac.it;
MORO & CO.DI GIOVANNI BERTASO;AZIENDA;VIA PACE, 5;VILLAFRANCA DI VERONA;;moroeco@gmail.com;
TECH.PA. SPA;AZIENDA;VIA APOLLO XI,4;SAN GIOVANNI LUPATOTO;459251215;amministrazione@techpaspa.com;
BERTON MOBILI SNC DI FELIVE E MARCO;AZIENDA;VIA DELL'INDUSTRIA,9/11;BOVOLONE;456949024;;
NULLTECH S.R.L.;AZIENDA;PIAZZA ZINELLI 1;SAN GIOVANNI LUPATOTO ;45549035;;
ANTICHITA' SAVI DI SAVI GIUSEPPE;AZIENDA;VICOLO STELLA 5;VERONA;45596213;princethebest.70@gmail.com;
MORO TECNOIMPIANTI DI MORO LORENZO;AZIENDA;VIA DI LA TIONE,18;SORGA';457370090;morotecnoimpiant@gmail.com;
SERGIO GRASSO SRL;AZIENDA;VIA SAN NICOLO' 24;SANT'AMBROGIO DI VALPOLICELLA;457760133;info@sergiograsso.it;
CONSORZIO GOLDBERG GESTIONI SOCIETA' COOPERATIVA;AZIENDA;VIA FRANCO RUSSOLI 3;VERONA;458901141;f.gioia@consorziogoldberg.it;
IDRO-MAR DI MARAFIOTI NATALE;AZIENDA;VICOLO CIECO RACCHETTA 3;VERONA;3355477150;idro.mar.sas@gmail.com;
HOTELGEST SRLS;AZIENDA;CORSO PORTA NUOVA ,22;VERONA;;info@empireverona.com;
RONCA 1862 SRL;AZIENDA;VIA PRIMO MAGGIO 142;ZEVIO;457850153;info@ronca1862.it;
TECNICA ELETTRONICA S.P.A;AZIENDA;VIA SPALLANZANI, 26;VERONA;45585166;luigi.spiazzi@tecnicaelettronica.it;
E-GLOBALSERVICE SPA;AZIENDA;CORSO PORTA NUOVA  127;VERONA;458105093;personale@e-globalservice.it;
VUORMAR PACKAGING SRL;AZIENDA;VIA DON STURZO 13;GAZZO VERONESE;442570037;info@vuormar.it;
VETRERIA BELLOMI SAS;AZIENDA;VIA VALPANTENA 61/A;VERONA;045/550058;amministrazione@vetreriabellomi.it;
3° STORMO;AZIENDA;VIA CALURI 1;VILLAFRANCA DI VERONA;456332111;aerostormo3@aeronatica.difesa.it;
OFFICINA CAILOTTO SRL;AZIENDA;VIA SOMMACAMPAGNA 59;VERONA;458624211;tiziano.martinelli@officinecailotto.it;
RISTORANTE GIRASOLE;AZIENDA;VIA DEI PORTICI 68;BOLZANO;;georg.trojer@me.com;
NETZSCH GERAETEBAU GMBH;AZIENDA;VIA ALBERE 132;VERONA;;info@netzsch.com;
NETZSCH GERAETEBAU GMBH;AZIENDA;VIA ALBERE 132;VERONA;;info@netzsch.com;
SAVI SRL;AZIENDA;VIA ADRIANO GARBINI 2/B;VERONA;458230476;francesca@studiomininno.com;
CIN CIN BAR DI CHIARAMONTE MONICA;AZIENDA;VIA MADONNA 297;BOVOLONE;456901798;monicachiaramonte@gmail.com;
BENEDETTI GABRIELE ASSISTENZA TECNICA;AZIENDA;VIA SAN FRANCESCO 20;SONA;45984013;;
PCSISTEMI SAS;AZIENDA;VIA ORTIGARA 38H;VILLAFRANCA DI VERONA;456301366;paolo.cipriani@pcsistemi.it;
4 SERVICE SOLUTION SRL;AZIENDA;VIA GIOVANNI PASCOLI 4;AFFI;452050220;amministrazione@4servicesolution.it;
2M SAS DI MARCHESINI P E C;AZIENDA;VIA CAOVILLA 8;VERONA;45942329;2msas@libero.it;
GEOM.SQUARANTI MATTIA;AZIENDA;VIA ORSARA 15;GREZZANA;458032733;squarantimattia@hotmail.it;
FRASTE SPA;AZIENDA;VIA MOLINO DI SOPRA 71;NOGARA;;serena.fracca@fraste.com;
ZAMPINI GIUSEPPE SNC DI ZAMPINI CLAUDIO E F.LLI;AZIENDA;VIA ROMA 121;PESCANTINA;457151396;;
GLOBAL SERVICE IMPIANTI DI CERPELLONI A E C. SNC;AZIENDA;VIA DELLA CONSORTIA ,15;VERONA;458342935;;
AUTORIPARAZIONI SGANZERLA MASSIMO;AZIENDA;VIA ISOLANA 692;SALIZZOLE;456954028;;
BE DIFFERENT SRL;AZIENDA;VIA A.DOMINUTTI,20;VERONA;458538775;hr@dodifferent.it;
AUTOTRASPORTI TEZZA CLEMENTE SRL;AZIENDA;VIA NICOLO'MARCOZENI 12;GREZZANA;45907434;info@tezzaautotrasporti.it;
SICURPLANET SRL;AZIENDA;VIALE DELL'INDUSTRIA 38;VERONA;456704749;info@sicurplanet.com;
ZOPPI WEB SOLUTIONS;AZIENDA;V.LE EUROPA 21;MONTEFORTE D'ALPONE;452226226;info@zoppiwebsolutions.com;
IMPIANTI ELETTRICI FIORINI SANTO;AZIENDA;VIA TICINO 19;SAN GIOVANNI LUPATOTO;458779125;info@fiorinisanto.it;
STUDIO DENTISTICO DR LANZAFAME;AZIENDA;VIA PRIMO MAGGIO 205;ZEVIO;3474752910;info@drlanzafame.com;
ANS;AZIENDA;VIA SABAINA 60;SOMMACAMPAGNA;458960116;info@ansystem.eu;
KUEHNE + NAGEL SRL;AZIENDA;VIA DEL COMMERCIO 2;CALVIGNASCO;458588526;info.verona@kuehne-nagel.com;
COMM.INTERLOGISTICA SRL;AZIENDA;VIALE DEL LAVORO 20;BELFIORE;456174973;logistica009@maxidi.it;
AGRATI-FSP SRL;AZIENDA;VIA SOMMACAMPAGNA 49A;VERONA;458515811;info-fsp@agrati.com;
VETRAUTO SRL;AZIENDA;VIA  DEL PERLAR 35;VERONA;45505950;amministrazione@vetrauto.com;
VIP SOLAR DI TORTORIELLA I;AZIENDA;VIA LEGNAGO 39;VERONA;;;
NST AUTOMATION SRLS;AZIENDA;STRADA DELL'ALPO  7;VERONA;458203319;nst@nstautomation.it;
HOME INNOVATION SRL;AZIENDA;VIA MARIN FALIERO 50;VERONA;454858682;romy.a@homeinnovation;
ACI SNC DI GANGI ELEONORA L.C.;AZIENDA;VIA ILARIA ALPI 10;LONATO DEL GARDA;309131025;eleonora.digangi@amatic.it;
CALZOLERIA LA RAPIDA;AZIENDA;VIALE SPOLVERINI 10;VERONA;3407310640;;
AGRILAND 24 SRL;AZIENDA;CORSO PASSO BUOLE 5/A;ALA;;info@agriland24.com;
TWIN GROUP;AZIENDA;LAMBARDE SQUARE 12;COMUNE ESTERO;GB8993725;tcook@twinuk.com;
AL.BO 2 SRL;AZIENDA;STRADA DELLE TRINCEE 15A;VERONA;458550775;info@albo2.it;
PULIMAC SRL;AZIENDA;VIA MONTE PASTELLO;SAN GIOVANNI LUPATOTO;45545026;pulimac@pulimac.it;
GREENYARD FRESH ITALY SRL;AZIENDA;VIA TIONE 1;TREVENZUOLO;458379112;info@greenyardfresh.it;
IMMOBILIARE LADY G. SRL;AZIENDA;VIA UNITA' D'ITALIA 164;VERONA;3485252001;gaiardoni.imm@libero.it;
ASSOCIAZIONE SPORTIVA DILETTANTISTICA;AZIENDA;VIA GARIBALDI,17;BUTTAPIETRA;456660996;;
PHONELAB;AZIENDA;VIA TRENTINO 1;SONA;456084062;;
BUE FRANCESCA;AZIENDA;VIA UNITA' D'ITALIA 166/B;VERONA;452591645;toelettaturapelolindo@gmail.com;
TECH ASSIST. SRLS;AZIENDA;VIA ROMA 49;SAN GIOVANNI LUPATOTO;452222884;info@tech-assist.it;
CIEMME  SAS;AZIENDA;VIA E.FERMI 10;PESCANTINA;456700707;;
AELLE DI ORIANA TODESCO;AZIENDA;VIA 1 MAGGIO 157;ZEVIO ;45601438;oriana.todesco@gmail.com;
METALPOINT SRLS;AZIENDA;VIA DEL LAVORO 5/B;VIGASIO;456584286;metalpointsrls@gmail.com;
UMANA SPA;AZIENDA;VIA COLOMBARE 113;VENEZIA;458104111;ufficio.stage@umana.it;
UMANA SPA;AZIENDA;VIA COLOMBARE 113;VENEZIA;458104111;ufficio.stage@umana.it;
CIZETA SOCIETA' AGRICOLA SEMPLICE;AZIENDA;VIA CAPITELLO 137/1;CONCAMARISE;3357075022;cizeta.soc.agr@gmail.com;
OFFICINA MECCANICA DI AGOSTINI RENATO;AZIENDA;VIA AZZANO, 19;POVEGLIANO VERONESE;457970191;;
AUTORICAMBI COSTA DI COSTA GIUSEPPE;AZIENDA;VIA CONCERIA, 8;RIBERA;;;
DHL GLOBAL FORWARDING SPA;AZIENDA;VIA GRAN SAN BERNARDO STR.5 PAL.U£;MILANO;;HRFreight.Italy.com;
COLOMBO 3000 SRL;AZIENDA;VIA PACE, 40;VILLAFRANCA DI VERONA;456305404;amministrazione@colombo3000.com;
TECNOSERVICE SRL;AZIENDA;VIALE PIAVE 16;VERONA;458009926;risorse@tenoservicesrl.info;
DATEL DI SALADINO SALVATORE;AZIENDA;VIA BRANDIMARTE 1;VERONA;45504225;info@datelsistemi.com;
START WEB DI MATTEO CANDIO;AZIENDA;VIA G.MAZZINI 5A;OPPEANO;3337464084;info@start-web.it;
BMQUADRO SRL;AZIENDA;VIA G.PASCOLI 21;AFFI;459971290;info@bmquadro.it;
TESI ELETTRONICA SRL;AZIENDA;VIALE ANDREIS, 81;DESENZANO DEL GARDA;309912412;sonia.biaguera@tesielettronica.it;
MYWORLD ITALIA SRL;AZIENDA;VIALE DEL LAVORO 33;SAN MARTINO BUON ALBERGO;045 2080571;office.it@myworld.com;
LEM ELETTRONICA SRL;AZIENDA;GREZZE 38;DESENZANO DEL GARDA;;info@lemelettronica.it;
PHARMATHEK SRL SOCIETA'UNIPERSONALE;AZIENDA;VIA ENRICO FERMI 43;VERONA;045 950301;info@pharmathek.com;
IL TRUCIOLO SRL;AZIENDA;VIA TRE VENEZIE 22;MARIANO COMENSE;031 3353131;;
FRANCHI E TABARELLI SRL;AZIENDA;VIA GALVANI 8;VALEGGIO SUL MINCIO;045 6370898;info@franchietabarelli.it;
DIGITALE FORGE VERONA SRL;AZIENDA;VIA MONTE BALDO 4;VILLAFRANCA DI VERONA;045 117788;AMMINISTRAZIONE@DIGITALFORGE.IT;
VERONA REV SRL;AZIENDA;VIA E.TORRICELLI 10/B;VERONA;045 506688;info@veronarevsrl.it;
6 COM SRL;AZIENDA;VIA MONTE PASTELLO 9;SAN GIOVANNI LUPATOTO;045 8751430;info@6comsrl.it;
DM CONSULTING SRL;AZIENDA;VIA ENRICO FERMI 3;LEGNAGO;4421866161;info@dmconsulting.it;
